lat,long,Id,LotArea,balcony,loggia,veranda,kitchen,numberOfFloors,floor,numberOfRooms,numberOfBedrooms,ceilingHeight,numberOfBathrooms,SalePrice
41.7960476,44.8096554,272162,71,0,0,0,0,10,7,3,2,3,1,58000
41.73161410000001,44.7895086,270869,96,0,0,0,0,11,6,3,2,0,1,90000
41.7274332,44.737804,269250,115,0,0,0,0,10,9,4,3,0,0,97000
41.74974049999999,44.78553349999999,263777,95,0,0,0,0,18,9,4,3,0,1,71250
41.72024469999999,44.7649224,252787,90,0,0,0,0,8,2,3,2,3,1,78000
41.66950980000001,44.8955279,272304,50,0,0,0,0,17,12,2,1,3,1,32500
41.6962303,44.8251518,272303,122,0,0,0,0,6,4,4,3,3,2,91575
41.78198999597204,44.79787540860247,272291,74,0,0,0,0,9,2,3,2,0,1,50000
41.7424432,44.761506,272287,122,0,0,0,0,9,2,4,3,0,2,115000
41.706978,44.8024312,272280,83,0,0,0,0,2,1,3,0,0,1,125000
41.706332700463,44.7368592,272262,108,2,0,0,0,10,3,4,3,0,1,114000
41.705789600463,44.7767633,272254,151,2,0,0,0,9,9,4,3,0,2,140000
41.706332700463,44.7368592,272251,100,1,0,0,0,10,3,3,2,0,1,95000
41.730651100465,44.7573802,272248,80,1,0,0,0,10,4,3,2,0,1,115000
41.781916028093015,44.79787993042647,272247,74,0,0,0,0,14,2,3,2,0,1,50000
41.766296336538,44.776306677804,272238,69,1,0,0,0,16,7,2,1,0,1,82000
41.726283300464,44.7535178,272230,120,1,0,0,0,8,1,3,2,0,2,105000
41.7010643601405,44.732947232933,272208,60,1,0,0,0,10,4,2,1,0,1,75000
41.749133900466,44.7771551,272200,35,0,0,0,0,8,1,1,1,0,1,37000
41.751530900466,44.7319865,272196,57,0,0,0,0,5,3,2,1,0,1,91000
41.6986768,44.6975318,272173,50,0,0,0,0,3,2,1,1,0,1,58000
42.5152253,41.8973472,272160,180,0,0,0,0,4,2,5,3,0,1,77000
41.7306263,44.7631878,272159,135,0,0,0,0,9,7,5,3,0,2,140000
41.751530900466,44.7319865,272147,156,0,0,0,0,2,0,5,3,0,3,115000
41.67694830046,44.8397739,272144,34,0,0,0,0,16,1,1,0,0,0,32000
41.691441500461,44.8340653,272125,65,1,0,0,0,18,17,3,2,0,1,109000
41.725306700464,44.716596,272123,58,1,0,0,0,22,14,3,2,0,1,90000
41.707149000463,44.7803463,272115,50,1,0,0,0,8,1,2,1,0,1,116000
41.7324648,44.7257857,272099,54,0,0,0,0,9,5,2,1,3,1,43000
41.685628708264,44.815621781003,272072,129,0,0,0,0,3,2,2,1,0,1,115000
41.729438172495,44.788731371603,272059,60,1,0,0,0,3,2,2,1,0,1,58000
41.723853200464,44.7889605,272058,95,1,0,0,0,3,2,4,3,0,1,95000
41.695838600462,44.8025239,272039,75,0,0,0,0,3,2,3,2,0,2,135000
41.703323600462,44.7948921,272025,71,0,0,0,0,2,2,5,2,0,1,145000
41.6904405,44.8061785,272020,78,0,0,0,0,3,2,3,2,0,2,135000
41.6912471,44.8012161,272017,63,0,0,0,0,3,2,3,2,0,2,110000
41.6920592,44.7984972,272015,64,0,0,0,0,3,3,3,0,4,1,98000
41.76484858698984,44.79087009416502,272010,64,0,0,0,0,6,2,3,2,0,1,47000
41.7273735,44.7440529,271994,128,0,0,0,0,10,3,4,3,3,2,125000
41.7310707,44.7605713,271937,57,0,0,0,0,8,3,2,1,0,1,70000
41.7322076,44.7873491,271935,71,0,0,0,0,14,13,3,2,0,1,75000
41.7279173,44.73809869999999,271931,50,0,0,0,0,16,5,2,1,0,1,78000
41.6897286,44.8076114,271928,43,0,0,0,0,2,1,2,1,0,1,130000
41.7233307,44.7695406,271907,85,0,0,0,0,9,4,3,2,0,1,92000
41.7333065,44.74195,271902,93,0,0,0,0,12,12,4,3,0,1,88000
41.7279173,44.73809869999999,271897,65,0,0,0,0,16,15,2,1,0,1,93000
41.7207921,44.7086281,271896,82,0,0,0,0,10,2,3,2,0,1,84000
41.67512989999999,44.8393062,271895,77,0,0,0,0,31,6,3,2,0,1,96900
41.7274332,44.737804,271894,57,0,0,0,0,9,4,3,1,0,1,62000
41.7274332,44.737804,271891,133,0,0,0,0,5,5,4,2,0,2,120000
41.744212,44.7190421,271890,120,0,0,0,0,6,4,3,2,0,1,105000
41.7025581,44.7715719,271884,84,0,0,0,0,7,1,3,2,0,1,130000
41.723634,44.7631864,271876,49,0,0,0,0,12,5,2,1,0,1,70000
41.7179807,44.7811526,271875,44,0,0,0,0,22,10,2,1,0,1,67000
41.7306636,44.7635872,271874,43,0,0,0,0,7,5,2,1,0,1,77000
41.71103710000001,44.7612664,271848,80,0,0,0,0,10,2,3,2,0,1,125000
41.6725352,44.8648757,271840,60,3,0,0,0,9,7,2,1,2,1,94467
41.723634,44.7631864,271825,95,0,0,0,0,6,2,2,1,3,1,110000
41.6889568,44.8772251,271822,67,3,0,0,0,12,6,3,2,0,1,57000
41.7252445,44.7562645,271811,65,0,0,0,0,15,11,2,1,0,1,78000
41.6890629,44.8205481,271801,75,3,0,0,0,9,6,3,2,0,1,120000
41.7109105,44.758644,271799,60,0,0,0,0,22,10,2,1,0,1,130000
41.7131432,44.7143903,271792,65,0,0,0,0,19,17,3,2,0,1,70000
41.7213088,44.7633598,271786,85,0,0,0,0,8,6,3,2,0,1,105000
41.7226791,44.7523127,271785,85,0,0,0,0,8,5,3,2,0,1,100000
41.72445279999999,44.7448629,271783,61,0,0,0,0,13,12,2,1,0,1,69000
41.7524523,44.7756038,271782,145,0,0,0,0,17,15,4,3,0,2,145000
41.7249769,44.7537828,271780,104,0,0,0,0,9,2,3,2,0,1,80000
41.6891979,44.8016493,271779,50,0,0,0,0,3,1,2,1,0,1,90000
41.681832900461,44.8210231,271777,82,0,0,0,0,12,3,4,3,0,1,80000
41.7131432,44.7143903,271774,61,0,0,0,0,11,7,2,1,0,1,82500
41.7100817,44.7310039,271772,85,0,0,0,0,13,8,3,2,0,1,115000
41.7150193,44.7640541,271767,102,0,0,0,0,12,2,2,2,0,2,98000
41.7173574,44.7645248,271765,110,0,0,0,0,9,5,4,2,2,2,95000
41.702360200462,44.8522954,271760,82,0,0,0,0,9,1,3,2,2,2,60000
41.7272051,44.7849086,271756,90,0,0,0,0,18,16,3,1,0,0,95000
41.7924291,44.7601313,271752,85,0,0,0,0,13,9,3,2,0,1,75000
41.7024243,44.8691779,271750,74,0,0,0,0,14,13,3,2,0,1,55000
41.70814644173884,44.86235976219177,271746,69,0,0,0,0,10,7,4,2,3,1,52000
41.79610309999999,44.77988690000001,271743,75,0,0,0,0,10,4,4,2,3,1,90000
41.709857,44.76457000000001,271739,82,0,0,0,0,6,5,2,0,0,0,100000
41.72594218549993,44.75405216217041,271738,94,0,0,0,0,8,5,4,2,2,1,90000
41.79610309999999,44.77988690000001,271737,60,0,0,0,0,10,6,3,2,3,1,72000
41.6901555,44.839658,271736,65,0,0,0,0,1,0,2,1,2,1,55000
41.7261595,44.77000880000001,271730,51,0,0,0,0,5,0,2,0,0,0,55000
41.73282344044918,44.787946076076125,271728,48,0,0,0,0,10,9,3,2,2,1,60000
41.7038226,44.7703997,271723,63,0,0,0,0,9,2,3,2,0,1,98000
41.706976300463,44.7317134,271719,63,0,0,0,0,14,5,3,2,0,2,110000
41.7922006,44.7553182,271716,85,0,0,0,0,13,9,3,2,3,1,75000
41.7131432,44.7143903,271712,104,0,0,0,0,9,4,3,2,0,1,126000
41.7010636800463,44.7644981,271711,74,0,0,0,0,15,5,2,1,0,1,130000
41.78258820000001,44.75555,271709,46,0,0,0,0,5,3,2,1,0,1,52100
41.7131432,44.7143903,271701,67,0,0,0,0,14,13,2,1,0,1,100000
41.7131432,44.7143903,271685,105,0,0,0,0,10,5,4,3,0,2,135000
41.703706,44.77245610000001,271684,73,0,0,0,0,10,4,2,1,0,1,127000
41.7109105,44.758644,271681,82,0,0,0,0,12,9,3,2,0,1,120000
41.70862,44.7672594,271680,72,0,0,0,0,10,2,2,1,0,1,119000
41.7038226,44.7703997,271679,63,0,0,0,0,9,2,3,2,0,1,99000
41.7025581,44.7715719,271678,73,0,0,0,0,2,1,3,2,0,1,73000
41.6835825,44.8228496,271652,86,0,0,0,0,14,10,3,2,0,2,135000
41.6730781,44.8155069,271648,90,0,0,0,0,7,2,3,2,0,1,125000
41.683832900461,44.8210231,271645,96,1,0,0,0,13,10,3,2,0,1,110000
41.7279173,44.73809869999999,271639,65,0,0,0,0,13,5,2,1,0,1,82000
41.7221586,44.7509864,271632,41,0,0,0,0,22,7,2,1,0,1,73500
41.7179807,44.7811526,271630,37,0,0,0,0,22,10,1,0,0,1,57000
41.7212295,44.7627305,271629,65,0,0,0,0,10,9,2,1,3,1,68000
41.720852900464,44.7819965,271624,128,0,0,0,0,12,9,4,3,3,2,130000
41.7168522,44.767545,271619,136,0,0,0,0,6,5,3,2,0,1,110000
41.716862800464,44.7675501,271618,138,0,0,0,0,6,6,4,3,0,1,90000
41.7100817,44.7310039,271614,62,0,0,0,0,9,7,3,2,0,1,61000
41.6862697,44.8291352,271613,104,0,0,0,0,10,5,3,2,0,1,123000
41.7224517,44.7409579,271603,80,0,0,0,0,6,1,2,1,0,1,78000
41.7078618,44.7637655,271600,97,0,0,0,0,6,4,3,2,2,1,120000
41.7230638,44.750846,271593,47,0,0,0,0,12,1,2,1,0,1,75000
41.7099175,44.8107313,271588,100,0,0,0,0,3,0,5,4,0,2,45000
41.6811045,44.8219496,271585,60,0,0,0,0,15,15,2,1,0,1,76000
41.7258401,44.7489211,271548,85,0,0,0,0,15,13,2,1,0,1,100000
41.6908413,44.7985446,271544,120,0,0,0,0,3,2,5,3,0,2,132000
41.70862,44.7672594,271542,110,0,0,0,0,8,1,3,2,0,1,100000
41.7212878,44.7298345,271541,78,0,0,0,0,17,6,3,2,0,1,100000
41.7333065,44.74195,271531,60,0,0,0,0,20,12,2,1,0,1,90200
41.7344004,44.76685699999999,271522,90,2,0,0,0,9,9,3,2,0,1,83000
41.7235781,44.77235,271519,38,0,0,0,0,8,2,2,0,0,1,56000
41.7155464,44.7739302,271515,106,0,0,0,0,14,9,4,3,0,1,131000
41.7216781,44.7803016,271514,110,2,0,0,0,11,4,3,2,0,1,125000
41.7161893,44.7708443,271512,60,0,0,0,0,11,5,2,1,0,1,83000
41.7109105,44.758644,271511,50,0,0,0,0,24,22,2,1,0,1,105000
41.75264749999999,44.7898538,271509,78,0,0,0,0,8,3,4,2,2,1,62000
41.7131432,44.7143903,271504,80,2,0,0,0,13,10,3,2,0,1,107000
41.7113256,44.7960092,271503,60,0,0,0,0,5,1,3,0,0,2,60000
41.7213088,44.7633598,271501,85,0,0,0,0,14,2,3,1,0,1,90000
41.7236,44.7436801,271500,124,0,0,0,0,21,5,3,2,0,2,135000
41.6725352,44.8648757,271496,51,0,0,0,0,9,8,3,1,0,1,50000
41.7211149,44.7281969,271493,45,0,0,0,0,17,17,2,1,0,1,69000
41.744212,44.7190421,271487,80,0,0,0,0,6,2,3,2,0,1,89500
41.7150193,44.7640541,271486,93,0,0,0,0,14,7,2,1,0,2,85000
41.7131432,44.7143903,271473,96,0,0,0,0,12,7,3,2,0,1,81600
41.7207921,44.7086281,271468,46,0,0,0,0,6,4,2,1,0,1,55000
41.6864675,44.8164806,271467,52,0,0,0,0,3,2,1,1,0,1,55000
41.6910527,44.8371632,271460,112,0,0,0,0,8,1,3,2,0,2,93000
41.698336,44.7914033,271458,88,0,0,0,0,1,1,3,2,0,1,93000
41.7389264,44.7192401,271457,130,0,0,0,0,5,3,5,3,3,2,75000
41.7363448,44.7243015,271454,72,0,0,0,0,9,5,2,1,2,2,60000
41.739214,44.7807026,271448,69,0,0,0,0,15,10,3,2,3,1,93000
41.6721054,44.9153347,271443,72,0,0,0,0,5,1,3,2,0,1,55000
41.69369329999999,44.8613801,271439,55,0,0,0,0,9,3,2,1,0,1,38500
41.7800889,44.7826408,271432,54,0,0,0,0,5,2,3,2,0,1,49000
41.7197941,44.7394075,271427,83,3,0,0,0,6,5,3,2,0,1,98000
41.7233563,44.772588,271422,61,0,0,0,0,5,2,2,1,0,1,71000
41.6925435,44.7994318,271403,45,0,0,0,0,4,2,2,1,0,1,93000
41.7212878,44.7298345,271399,92,0,0,0,0,24,15,4,3,0,2,119600
41.7274332,44.737804,271392,65,0,0,0,0,10,7,3,2,0,1,82000
41.72445279999999,44.7448629,271375,67,0,0,0,0,8,2,2,1,0,1,93000
41.6870482,44.8797085,271366,49,0,0,0,0,9,9,2,1,0,1,33500
41.713806,44.7576208,271365,43,0,0,0,0,12,11,2,1,0,1,67000
41.7131432,44.7143903,271363,58,0,0,0,0,15,4,2,1,0,1,80000
41.7212878,44.7298345,271362,70,0,0,0,0,6,5,4,3,0,1,60000
41.7445218,44.7932593,271360,116,0,0,0,0,13,9,3,2,3,2,85000
41.7908848,44.7648869,271355,74,0,0,0,0,17,10,3,2,0,1,71000
41.7761338,44.7552884,271353,63,0,0,0,0,11,7,2,1,0,1,46000
41.729886,44.78432369999999,271351,45,0,0,0,0,5,4,2,1,0,1,25000
41.690089457226385,44.920544759710694,271335,160,0,0,0,0,2,0,7,2,3,1,35000
41.7306636,44.7635872,271329,130,0,0,0,0,9,5,4,3,0,2,145000
41.78908648379152,44.745017551806654,271328,76,0,0,0,0,9,6,3,2,2,1,56000
41.6933398,44.8227595,271323,80,0,0,0,0,6,5,3,2,0,1,115000
41.7354662,44.7698799,271308,100,0,0,0,0,8,3,3,2,0,1,119000
41.7100817,44.7310039,271306,116,0,0,0,0,15,9,4,3,0,1,98000
41.6839477,44.840231,271301,107,0,0,0,0,7,5,4,2,0,1,105000
41.7317242,44.741659,271296,57,0,0,0,0,9,4,2,1,0,1,68000
41.6787718,44.8418795,271294,40,0,0,0,0,3,2,2,2,2,1,30000
41.71720759999999,44.7825989,271284,94,0,0,0,0,20,6,3,2,0,1,141300
41.703706,44.77245610000001,271279,100,0,0,0,0,2,2,4,2,0,1,105000
41.71963880000001,44.746084,271270,56,0,0,0,0,28,15,2,1,0,1,97000
41.7109105,44.758644,271268,65,0,0,0,0,11,9,3,2,0,1,149000
41.7943848,44.8213708,271252,94,0,0,0,0,9,1,4,3,2,1,69000
41.7963786,44.828257,271250,61,0,0,0,0,15,2,3,2,3,1,55000
41.7274332,44.737804,271223,95,0,0,0,0,8,6,4,2,0,1,98000
41.7249769,44.7537828,271220,88,0,0,0,0,5,5,3,2,2,1,98000
41.7267829,44.77139529999999,271156,120,0,0,0,0,5,1,11,0,0,1,138000
41.699522588321976,44.87770199775696,271144,150,0,0,0,0,9,1,10,0,0,0,99000
41.7049736,44.8071626,271134,100,0,0,0,0,2,0,6,3,0,1,65000
41.735195,44.76838590000001,271133,157,0,0,0,0,2,0,7,4,0,2,80000
41.7837884,44.7662979,271098,57,0,0,0,0,13,8,3,2,0,1,34000
41.68644855933029,44.950243672645335,271044,60,0,0,0,0,5,5,2,1,0,1,33000
41.7425199,44.7872314,271033,90,0,0,0,0,4,1,4,1,3,1,80000
41.703706,44.77245610000001,271016,74,0,0,0,0,8,2,3,2,0,1,92000
41.7131432,44.7143903,271013,53,0,0,0,0,12,6,2,1,0,1,66000
41.7131432,44.7143903,271002,60,0,0,0,0,9,6,2,1,0,1,100000
41.7207921,44.7086281,270991,52,0,0,0,0,19,10,2,1,0,1,68000
41.7247154,44.7110469,270980,117,0,0,0,0,16,6,3,2,0,2,90000
41.7161893,44.7708443,270978,120,0,0,0,0,16,3,4,2,0,2,92000
41.751530900466,44.7319865,270968,115,3,0,0,0,5,1,5,3,0,1,84000
41.7317012,44.7477758,270961,69,0,0,0,0,12,4,2,1,0,1,65000
41.7306263,44.7631878,270960,91,0,0,0,0,4,2,4,3,0,2,108000
41.7317012,44.7477758,270959,74,0,0,0,0,12,8,3,2,0,1,72000
41.7317012,44.7477758,270957,65,0,0,0,0,12,8,3,2,0,1,67000
41.7150937,44.7700026,270955,63,0,0,0,0,11,6,2,1,0,1,76000
41.7274332,44.737804,270948,63,0,0,0,0,8,2,2,1,0,1,51000
41.6890629,44.8205481,270943,75,0,0,0,0,9,7,3,2,0,2,129000
41.6862697,44.8291352,270942,80,0,0,0,0,18,8,2,1,0,1,115000
41.723634,44.7631864,270939,116,0,0,0,0,16,5,3,2,0,2,133000
41.6835825,44.8228496,270938,149,0,0,0,0,10,2,3,2,0,2,139000
41.6835825,44.8228496,270936,117,0,0,0,0,10,2,3,2,0,2,112000
41.7236,44.7436801,270935,81,0,0,0,0,17,14,3,2,0,1,85500
41.7207921,44.7086281,270929,68,0,0,0,0,13,13,3,1,0,1,81000
41.7258401,44.7489211,270922,40,0,0,0,0,8,4,2,1,0,1,65500
41.72287619999999,44.71746479999999,270921,53,0,0,0,0,5,5,2,1,0,1,61000
41.718999600464,44.7584276,270919,120,1,0,0,0,8,3,4,3,0,1,97000
41.7232365,44.7607894,270916,105,0,0,0,0,10,3,4,3,0,1,89000
41.7220925,44.78086889999999,270915,80,0,0,0,0,12,5,2,1,0,3,98000
41.7025581,44.7715719,270914,117,0,0,0,0,10,8,4,3,0,2,144000
41.6862697,44.8291352,270911,148,0,0,0,0,10,2,3,2,0,1,145000
41.68872510000001,44.8088792,270905,33,0,0,0,0,1,1,2,1,0,1,85000
41.7252445,44.7562645,270903,125,0,0,0,0,9,5,3,2,0,1,115000
41.7220925,44.78086889999999,270871,80,0,0,0,0,18,18,3,2,0,1,110000
41.7344573,44.7227317,270865,112,0,0,0,0,9,9,4,3,0,1,75000
41.7247154,44.7110469,270864,69,0,0,0,0,25,17,3,2,0,1,87000
41.7030093,44.7829461,270846,82,0,0,0,0,8,5,3,2,0,1,125000
41.7243643,44.7657172,270836,64,0,0,0,0,8,3,2,1,0,1,69000
41.723634,44.7631864,270830,62,0,0,0,0,10,2,3,2,0,1,68000
41.7317242,44.741659,270825,62,0,0,0,0,15,15,3,2,0,2,80000
41.7101376,44.7826763,270800,50,0,0,0,0,10,6,2,1,0,1,85000
41.6941536,44.8628574,270798,52,0,0,0,0,11,9,2,1,3,1,55000
41.7006621,44.79407339999999,270795,98,0,0,0,0,3,1,4,2,3,2,127000
41.7237252,44.7297078,270793,110,0,0,0,0,14,14,4,3,0,1,95000
41.706913,44.7571756,270763,76,0,0,0,0,8,5,2,1,0,1,103000
41.7258401,44.7489211,270753,58,0,0,0,0,16,14,1,1,0,1,73000
41.7186331,44.7805806,270750,80,0,0,0,0,10,3,3,2,0,1,100000
41.79282227405955,44.826980559839505,270739,72,0,0,0,0,13,1,3,2,0,2,52000
41.7236,44.7436801,270729,89,0,0,0,0,20,12,3,2,0,1,73000
41.739545405074516,44.74446574097239,270726,73,0,0,0,0,5,3,3,2,0,1,87500
41.7354662,44.7698799,270719,75,0,0,0,0,4,3,4,2,3,2,80000
41.79055530047,44.7536518,270716,100,0,0,0,0,12,9,3,2,0,1,70000
41.7276006,44.7189516,270714,90,0,0,0,0,9,9,3,2,0,2,110000
41.7212878,44.7298345,270713,70,0,0,0,0,16,7,2,1,0,1,80000
41.7221586,44.7509864,270702,59,0,0,0,0,14,12,2,1,0,1,95000
41.7204191,44.7786172,270699,85,0,0,0,0,24,15,3,2,3,2,115000
41.7281694,44.7723222,270684,71,0,0,0,0,16,14,2,1,0,1,90000
41.71081494044957,44.80471886904908,270673,103,0,0,0,0,2,2,4,3,4,1,99000
41.6839477,44.840231,270665,101,0,0,0,0,7,7,3,2,0,1,93000
41.7290646,44.7373528,270646,104,0,0,0,0,7,2,4,3,0,2,107000
41.698337,44.7955567,270643,92,0,0,0,0,3,1,4,3,0,1,90000
41.79842499999999,44.82406109999999,270611,45,0,0,0,0,9,6,1,1,2,1,135402
41.79842499999999,44.82406109999999,270546,39,0,0,0,0,9,1,1,1,2,1,85020
41.7864077,44.7489541,270413,64,0,0,0,0,6,2,3,2,3,1,55854
41.71720759999999,44.7825989,270394,62,0,0,0,0,14,3,2,1,0,1,80000
41.7258401,44.7489211,270364,80,0,0,0,0,16,9,3,2,3,2,85000
41.7370408,44.7178705,270358,72,0,0,0,0,5,2,3,2,0,1,70000
41.6948192,44.8144421,270353,51,0,0,0,0,11,1,3,2,3,1,56000
41.712921100463,44.7414672,270350,101,0,0,0,0,12,7,3,2,0,1,105000
41.7308638,44.7445124,270349,74,0,0,0,0,12,8,3,2,0,1,70000
41.7308638,44.7445124,270347,65,0,0,0,0,12,8,3,2,0,1,65000
41.7308638,44.7445124,270344,90,0,0,0,0,12,8,4,3,0,2,100000
41.7308638,44.7445124,270343,60,0,0,0,0,12,8,3,2,0,1,55000
41.7314592,44.8080955,270335,68,0,0,0,0,9,5,2,1,0,1,50000
41.7258401,44.7489211,263909,85,0,0,0,0,5,2,3,2,0,1,70000
41.7302213,44.7730939,263892,150,0,0,0,0,5,5,4,3,3,3,130000
41.79255530047,44.754856682440945,263880,84,0,0,0,0,9,8,3,2,0,1,82000
41.7336484,44.7669816,263879,112,0,0,0,0,8,7,5,3,0,1,87000
41.7661467,44.7762327,263862,60,0,0,0,0,8,3,2,1,0,1,45000
41.7252445,44.7562645,263857,130,0,0,0,0,12,4,3,2,0,2,145000
41.74431010000001,44.6972174,263854,122,0,0,0,0,2,0,4,3,0,2,130000
41.7274332,44.737804,263853,85,0,0,0,0,14,3,3,2,0,1,120000
41.7333065,44.74195,263850,45,0,0,0,0,5,2,2,1,0,1,65000
41.7100817,44.7310039,263822,120,0,0,0,0,9,1,5,3,0,2,95000
41.7252445,44.75746811933503,263795,83,0,0,0,0,14,11,3,2,0,1,95000
41.6725352,44.8648757,263792,100,0,0,0,0,9,2,4,3,0,1,100000
41.74974049999999,44.78553349999999,263775,62,0,0,0,0,18,9,2,1,0,1,46500
41.74974049999999,44.78553349999999,263772,79,0,0,0,0,18,5,3,2,0,1,59250
41.71963880000001,44.746084,263766,85,0,0,0,0,9,4,3,2,0,1,111000
41.71924158073565,44.80302929878235,263748,72,0,0,0,0,21,10,3,2,3,1,68000
41.7868214,44.7575408,263747,48,0,0,0,0,9,9,2,1,0,1,40400
41.7333065,44.74195,263735,50,0,0,0,0,12,7,1,1,0,1,43180
41.7333065,44.74195,263734,37,0,0,0,0,8,5,1,1,0,1,29600
41.7207403,44.7091564,263732,60,0,0,0,0,5,4,2,1,0,1,65000
41.71304800486051,44.75160604603273,263713,75,0,0,0,0,8,8,3,2,0,1,70000
41.7310707,44.7605713,263658,55,0,0,0,0,8,5,2,1,0,1,76000
41.6906682,44.8790216,263656,80,0,0,0,0,12,3,3,2,2,2,68000
41.6763813,44.8892412,263611,100,0,0,0,0,5,1,4,0,0,1,60000
41.7354662,44.771083710870535,263605,41,0,0,0,0,15,13,2,1,0,1,54000
41.7430987,44.7898637,263559,155,0,0,0,0,8,2,4,3,0,1,135000
41.7207921,44.7086281,263529,67,0,0,0,0,5,4,3,2,0,1,77000
41.6811787,44.838147,263517,70,0,0,0,0,1,1,5,0,0,0,53000
41.72849,44.7865906,263514,113,0,0,0,0,17,3,4,3,3,1,135000
41.6988885,44.7973688,263324,84,0,0,0,0,2,2,5,0,0,1,78000
41.7106732,44.727452,263272,42,0,0,0,0,20,3,2,1,0,1,42000
41.7249423,44.7270753,263270,65,0,0,0,0,5,3,3,1,0,1,75000
41.7207921,44.7086281,263268,54,0,0,0,0,22,14,2,1,0,1,62000
41.7131432,44.7143903,263257,104,0,0,0,0,10,9,3,2,0,1,145000
41.7109105,44.758644,263255,62,0,0,0,0,19,7,2,1,0,1,129000
41.7109105,44.758644,263253,85,0,0,0,0,10,9,3,2,0,1,117000
41.7131432,44.7143903,263252,67,0,0,0,0,14,13,2,1,0,1,100000
41.703706,44.77245610000001,263244,65,0,0,0,0,7,2,3,2,0,1,78000
41.7258401,44.7489211,263185,65,0,0,0,0,15,5,2,1,3,1,91000
41.7152278,44.7603149,263142,107,0,0,0,0,9,1,3,2,0,2,117000
41.6870461,44.8345615,263137,77,0,0,0,0,4,1,3,0,0,1,110211
41.7363448,44.7243015,263119,55,0,0,0,0,12,5,2,1,3,1,65000
41.7041998,44.7755679,263113,112,0,0,0,0,11,10,3,2,0,1,120000
41.79273488485735,44.75229256412354,263107,40,0,0,0,0,8,7,2,1,2,1,40000
41.7150316,44.7809157,263079,90,0,0,0,0,9,1,4,2,0,2,110000
41.7957822,44.7497488,263068,52,0,0,0,0,5,5,2,1,0,1,42000
41.7333065,44.74195,263035,100,0,0,0,0,12,11,3,2,0,1,115000
41.7800847,44.7816173,263029,59,0,0,0,0,2,1,2,1,0,1,50000
41.687782946892995,44.891895467139605,263022,42,0,0,0,0,9,8,2,1,2,1,35000
41.724898,44.7135645,262963,100,0,0,0,0,9,1,4,0,4,1,80000
41.7761338,44.7552884,262955,48,0,0,0,0,15,7,2,1,0,1,43000
41.7922006,44.7553182,262954,50,0,0,0,0,13,13,2,1,0,1,40000
41.6725352,44.8648757,262952,51,0,0,0,0,26,3,2,1,3,1,39000
41.7207753,44.79709889999999,262947,73,0,0,0,0,2,2,3,2,0,1,65700
41.6903067,44.866976,262929,100,0,0,0,0,9,8,4,3,2,1,55000
41.787743,44.7513949,262925,54,0,0,0,0,10,7,2,1,3,1,48600
41.791975,44.75521839999999,262924,62,0,0,0,0,8,6,2,0,0,0,42000
41.73847639999999,44.79210999999999,262916,72,0,0,0,0,11,10,3,2,0,1,72000
41.71938850000001,44.7156111,262885,92,0,0,0,0,18,4,3,2,0,1,115000
41.78778680000001,44.76088919999999,262805,87,0,0,0,0,12,6,3,2,3,1,78000
41.7363448,44.7243015,262715,58,0,0,0,0,16,1,1,1,4,1,35000
41.6800761,44.8277401,262687,49,0,0,0,0,9,9,2,1,3,1,53000
41.7107385,44.7821349,262684,38,0,0,0,0,10,1,2,1,0,1,50000
41.7083757,44.7954427,262545,60,0,0,0,0,3,1,2,1,0,1,55000
41.77421700000001,44.757183988360595,262542,94,0,0,0,0,6,2,3,2,3,1,83000
41.7236495,44.7165281,262528,78,0,0,0,0,6,3,3,2,3,1,98000
41.79266459999999,44.7646415,262340,61,0,0,0,0,15,9,2,1,0,1,42000
41.7525742,44.7696027,262337,103,0,0,0,0,25,20,3,2,0,2,85000
41.7922436,44.75532080000001,262317,57,0,0,0,0,13,2,3,2,0,1,57000
41.78679899999999,44.7668664,262309,70,0,0,0,0,14,13,3,2,0,1,120000
41.8038051,44.8240395,262301,39,0,0,0,0,9,1,1,1,0,1,28000
41.7289886,44.7331307,262299,40,0,0,0,0,9,7,1,1,2,1,110211
41.753702,44.757978,262298,101,0,0,0,0,10,3,3,2,0,2,92000
41.7131432,44.71559369270762,262286,85,0,0,0,0,12,9,3,2,0,1,93000
41.704227,44.78638360000001,262283,65,0,0,0,0,3,2,3,2,3,1,143000
41.7327013,44.7690033,262241,120,0,0,0,0,9,2,4,3,0,2,120000
41.6980195,44.7933219,262226,32,0,0,0,0,3,2,1,1,0,1,35000
41.78897389999999,44.7572905,262206,69,0,0,0,0,10,8,2,1,0,1,68500
41.6996349,44.8100792,262203,65,0,0,0,0,3,3,3,2,0,1,70000
41.7131432,44.71559369270762,262127,76,0,0,0,0,19,4,3,2,0,1,85000
41.788038,44.7490029,262091,55,0,0,0,0,12,9,2,1,0,1,50000
41.7954091,44.7593272,262071,100,0,0,0,0,15,12,4,3,0,2,85000
41.6924658,44.816785,262067,70,0,0,0,0,4,3,2,1,0,1,120000
41.791931174350324,44.812811077432265,262063,49,0,0,0,0,12,9,2,1,0,1,43500
41.7764625,44.8052888,262060,69,0,0,0,0,17,17,3,2,0,1,56500
41.7211872,44.77725419999999,262049,50,0,0,0,0,6,6,2,1,0,1,33000
41.7274332,44.737804,262046,82,0,0,0,0,15,12,3,2,3,1,107000
41.7337038,44.79695539999999,262044,50,0,0,0,0,12,12,2,1,0,1,67000
41.7026487,44.7720699,262042,55,0,0,0,0,12,4,2,1,0,1,60000
41.6912821,44.7970735,262040,60,0,0,0,0,1,1,3,2,0,1,88000
41.7173574,44.7645248,262037,110,0,0,0,0,9,5,4,3,0,2,95000
41.7156214,44.7680589,262031,175,0,0,0,0,18,17,3,2,0,1,110000
41.7333065,44.74195,262020,60,0,0,0,0,20,12,2,1,0,1,90200
41.7079155,44.8028652,262016,105,0,0,0,0,3,3,4,3,0,0,85000
41.71963880000001,44.746084,262012,103,0,0,0,0,5,5,3,2,0,1,102000
41.7525742,44.7696027,262002,50,0,0,0,0,9,1,1,1,0,1,28000
41.733501,44.7860602,262001,84,0,0,0,0,10,10,3,2,0,1,87000
41.7366391,44.7824675,262000,76,0,0,0,0,9,3,3,2,0,2,85000
41.6964103,44.8568749,261998,54,0,0,0,0,9,4,2,1,0,1,37000
41.710628,44.72879,261991,118,0,0,0,0,16,11,3,2,0,1,81500
41.7198309,44.70546929999999,261990,112,0,0,0,0,6,5,4,2,0,1,135000
41.783721,44.7653374,261986,57,0,0,0,0,9,5,3,2,0,1,53000
41.6903848,44.8038742,261982,64,0,0,0,0,3,1,2,1,0,1,110000
41.6811045,44.8219496,261981,51,0,0,0,0,9,4,2,1,0,1,65000
41.7048903,44.7811562,261950,60,0,0,0,0,9,2,2,1,0,2,58000
41.6901079,44.8146379,261940,40,0,0,0,0,3,2,2,1,0,1,58000
41.707452606263054,44.737287942776746,261938,80,0,0,0,0,12,5,2,1,0,1,145000
41.7363448,44.7243015,261932,87,0,0,0,0,16,2,3,2,0,1,63000
41.7345109,44.7851132,261930,75,0,0,0,0,15,7,3,2,0,1,63000
41.7301549,44.7978143,261926,117,0,0,0,0,8,3,4,3,0,1,87000
41.7243643,44.7657172,261915,116,0,0,0,0,9,2,5,3,0,1,110000
41.7104994,44.8122291,261909,150,0,0,0,0,1,0,8,5,0,2,74500
41.7104994,44.8122291,261907,75,0,0,0,0,1,1,4,3,3,1,48500
41.7340251,44.7838193,261885,70,0,0,0,0,8,3,3,2,0,1,63000
41.81977990000001,44.81948838908847,261835,40,0,0,0,0,1,0,2,1,0,1,99190
41.7289886,44.7331307,261758,120,0,0,0,0,9,3,4,3,0,2,85000
41.68789859999999,44.8704017,261745,71,0,0,0,0,16,6,3,2,0,0,60000
41.6839477,44.840231,261741,109,0,0,0,0,10,5,4,3,0,2,110000
41.6956684,44.8611179,261740,45,0,0,0,0,18,18,2,1,0,0,36000
41.6924231,44.8733741,261738,76,0,0,0,0,15,10,4,3,0,1,57000
41.7525742,44.7696027,261659,60,0,0,0,0,10,3,2,0,0,0,72000
41.79814409999999,44.7708805,261654,60,0,0,0,0,15,7,2,1,3,1,65000
41.7202868,44.74302085294553,261652,55,0,0,0,0,22,3,1,1,2,1,90000
41.7428749,44.7745371,261428,100,0,0,0,0,16,14,4,2,0,2,85000
41.7258401,44.750124730492736,261427,118,0,0,0,0,8,7,4,3,0,1,82000
41.72573903642597,44.731973646125454,261426,93,0,0,0,0,5,2,3,2,0,1,69000
41.71963880000001,44.746084,261425,112,0,0,0,0,10,8,4,3,0,1,115000
41.79227175998817,44.810706108619065,261414,95,0,0,0,0,12,1,1,0,4,0,66500
41.72126173517827,44.74570702922897,261366,84,0,0,0,0,14,2,3,2,0,1,79000
41.7236,44.7436801,261356,84,2,0,0,0,14,2,3,2,0,2,79000
41.7908848,44.7648869,261354,76,0,0,0,0,17,13,3,2,3,1,67000
41.7226352,44.7697317,261348,94,0,0,0,0,9,6,2,1,3,1,90000
41.7855039641276,44.801282804275814,261318,130,0,0,0,0,12,6,5,3,3,1,143000
41.7104283,44.7764646,261201,69,0,0,0,0,10,2,2,1,0,1,135000
41.7924326,44.7403179,261171,84,1,1,1,0,10,2,3,2,0,1,67000
41.7169537,44.7702681,261146,57,0,0,0,0,9,2,2,1,0,1,60000
41.7131432,44.71559369270762,261139,84,0,0,0,0,9,2,2,1,0,1,70000
41.7908899,44.74043040000001,261125,50,0,0,0,0,8,8,2,1,0,1,51000
41.793205642772236,44.81241411049806,261092,100,0,0,0,0,16,15,4,3,0,2,55000
41.73248230000001,44.73688,261090,65,0,0,0,0,8,4,3,2,0,1,64200
41.7279669,44.7284077,261089,95,0,0,0,0,9,7,4,3,0,1,80000
41.7906728,44.754928,261077,85,0,0,0,0,9,8,3,2,2,1,85000
41.72849,44.7865906,261073,105,0,0,0,0,9,8,4,3,0,2,95000
41.7031601,44.8852122,261017,76,1,0,0,0,8,8,3,2,3,1,39500
41.7202868,44.7406138,261000,56,3,0,0,0,10,3,2,1,0,1,60000
41.7104298,44.7766872,260979,51,0,0,0,0,10,10,2,1,3,1,57000
41.71201994065822,44.87947762012482,260940,50,0,0,0,0,9,9,2,1,2,1,45000
41.7559624,44.7728526,260858,65,0,0,0,0,9,9,3,2,0,1,52500
41.7144106,44.8007709,260844,32,0,0,0,0,3,1,1,1,0,1,32000
41.79321482284973,44.733713485268105,260812,110,0,0,0,0,2,0,4,2,2,1,65000
41.7178943,44.7317791,260793,72,0,0,0,0,8,2,3,2,0,1,87200
41.7178943,44.7317791,260791,71,0,0,0,0,8,2,3,2,0,1,88200
41.7274332,44.737804,260787,60,0,0,0,0,8,2,2,1,0,1,75200
41.7178943,44.7317791,260786,70,0,0,0,0,8,7,2,1,0,1,86900
41.7178943,44.7317791,260784,55,0,0,0,0,8,2,2,1,0,1,65900
41.67770904935226,44.83024540539445,260779,59,0,0,0,0,14,2,2,1,0,1,39500
41.7938051,44.8059352,260778,77,0,0,0,0,13,9,3,2,0,1,55000
41.7852851,44.8225249,260777,43,0,0,0,0,8,4,2,1,0,1,30100
41.78679899999999,44.7668664,260775,90,0,0,0,0,9,5,4,3,0,1,64000
41.69292069999999,44.8745446,260772,62,0,0,0,0,9,6,3,2,0,1,55000
41.6706207,44.8816765,260766,85,0,0,0,0,12,2,3,2,0,1,62000
41.7925366,44.7697726,260763,177,0,0,0,0,4,3,5,3,0,0,88500
41.7233563,44.772588,260760,65,0,0,0,0,4,3,2,1,0,1,65000
41.7943848,44.8213708,260759,74,0,0,0,0,12,3,3,2,0,1,47700
41.6862697,44.8291352,260758,138,0,0,0,0,22,17,3,2,0,1,129000
41.7923665,44.8134344,260756,58,0,0,0,0,11,11,1,1,0,1,55000
41.7251139,44.7711543,260755,100,0,0,0,0,9,4,4,3,0,1,115000
41.802977,44.81998230000001,260750,72,0,0,0,0,8,7,2,1,0,1,51000
41.7146374,44.8027333,260748,100,0,0,0,0,9,3,4,3,0,2,85000
41.7279669,44.7284077,260747,101,0,0,0,0,9,2,4,2,0,1,125000
41.7120181,44.87948249999999,260745,108,0,0,0,0,9,2,4,3,0,2,74510
41.7942241,44.7564157,260744,95,0,0,0,0,11,6,3,2,0,2,68000
41.801126,44.8294641,260741,57,0,0,0,0,16,3,2,1,0,1,42000
41.6925435,44.7994318,260738,45,0,0,0,0,4,2,2,1,0,1,100000
41.6986768,44.69873492197013,260735,110,0,0,0,0,2,2,3,1,0,2,77000
41.6835825,44.8228496,260734,65,0,0,0,0,4,2,3,2,0,1,65000
41.6766402,44.8311442,260727,60,0,0,0,0,14,5,3,2,0,1,45000
41.7559624,44.7728526,260723,97,0,0,0,0,5,1,4,3,0,1,80000
41.7924326,44.7403179,260666,54,0,0,0,0,11,5,2,1,0,1,35500
41.67142459999999,44.8352151,260658,119,0,0,0,0,17,1,4,2,0,1,89300
41.78679899999999,44.7668664,260649,86,0,0,0,0,5,1,3,0,0,1,35000
41.78421637707786,44.7625121274058,260640,70,0,0,0,0,7,6,3,2,0,1,49000
41.6725352,44.8648757,260639,50,0,0,0,0,13,10,2,1,0,1,32200
41.7922006,44.7553182,260637,55,0,0,0,0,12,5,2,1,0,1,55000
41.8009582,44.8110278,260625,52,0,0,0,0,6,1,2,1,0,1,29000
41.7940331,44.8077986,260621,62,0,0,0,0,4,4,2,1,0,1,70000
41.7179807,44.7811526,260568,85,0,0,0,0,22,11,3,2,0,1,93500
41.7274332,44.737804,260567,67,0,0,0,0,10,7,3,2,0,1,72000
41.7107385,44.7821349,260544,40,0,0,0,0,2,2,2,1,0,1,62000
41.7782426,44.781728,260542,113,0,0,0,0,24,17,4,3,0,1,117000
41.7786858,44.7991242,260536,55,0,0,0,0,4,2,2,1,0,1,38500
41.7162348,44.7759285,260535,137,0,0,0,0,11,5,4,3,3,1,130000
41.7728316,44.740307,260497,118,0,0,0,0,2,0,5,3,0,1,140000
41.7266334,44.7738989,260389,62,1,0,0,0,21,6,3,2,0,1,55000
41.7576805,44.7663875,260371,56,0,0,0,0,6,5,2,1,3,1,44800
41.7669963,44.7618918,260345,90,0,0,0,0,12,3,4,2,0,1,70000
41.7215446,44.7756151,260342,147,0,0,0,0,5,5,5,4,0,2,125000
41.7266334,44.7738989,260321,115,0,0,0,0,16,8,3,2,0,1,133000
41.7252445,44.7562645,260285,82,0,0,0,0,14,5,2,1,0,1,109000
41.7224173,44.7395964,260265,130,0,0,0,0,8,3,3,2,0,1,132000
41.7258401,44.7489211,260262,110,0,0,0,0,5,2,3,2,0,1,125000
41.7189634,44.7783731,260259,70,0,0,0,0,23,11,3,2,0,1,119000
41.7223179,44.7509589,260252,90,0,0,0,0,3,2,3,2,0,1,113000
41.7207921,44.7086281,260251,91,0,0,0,0,18,13,3,2,0,1,110000
41.6891979,44.8016493,260248,100,0,0,0,0,12,2,3,2,0,1,100000
41.7233563,44.772588,260245,97,0,0,0,0,5,3,3,2,0,1,97000
41.7258401,44.7489211,260238,98,0,0,0,0,10,4,2,1,0,1,95000
41.7207921,44.7086281,260236,90,0,0,0,0,18,14,3,2,0,1,87000
41.7212295,44.7627305,260235,85,0,0,0,0,14,2,3,2,0,1,85000
41.7207921,44.7086281,260232,74,0,0,0,0,8,2,3,2,0,1,80000
41.7179807,44.7811526,260230,65,0,0,0,0,18,11,3,2,0,1,74000
41.7317012,44.7477758,260229,76,0,0,0,0,15,15,3,2,0,1,72000
41.7207921,44.7086281,260228,52,0,0,0,0,14,5,3,2,0,1,69500
41.7317012,44.7477758,260226,74,0,0,0,0,15,1,3,2,0,1,67000
41.7274332,44.737804,260221,63,0,0,0,0,10,10,3,2,0,1,61000
41.7354662,44.7698799,260143,76,0,0,0,0,16,5,3,2,0,1,90000
41.70862,44.7672594,260096,86,0,0,0,0,5,5,3,2,0,1,145000
41.7025581,44.7715719,260092,84,0,0,0,0,7,1,3,2,0,1,125000
41.7131432,44.7143903,260069,55,0,0,0,0,12,11,2,1,0,1,56000
41.686918,45.00107939999999,260023,65,0,0,0,0,5,3,2,1,0,1,22000
41.7144893,44.7991119,260012,35,0,0,0,0,2,1,2,1,0,1,30000
41.7942241,44.75762061381124,259989,109,0,0,0,0,16,6,4,3,0,1,65000
41.7906728,44.754928,259981,69,0,0,0,0,9,8,3,2,0,1,56000
41.788707,44.7591671,259972,65,0,0,0,0,9,5,3,2,0,1,62500
41.79474984194246,44.82517342394546,259955,105,0,0,0,0,9,2,5,3,0,1,87000
41.7338587,44.7703486,259954,75,0,0,0,0,8,3,2,1,0,1,71000
41.7430987,44.7898637,259881,100,0,0,0,0,12,10,3,2,0,2,100000
41.69429299999999,44.7971046,259877,47,0,0,0,0,9,3,2,1,3,1,98700
41.7131432,44.7143903,259871,112,0,0,0,0,9,7,3,2,0,1,118000
41.7113256,44.7960092,259842,110,0,0,0,0,4,3,4,3,0,1,119000
41.8284132,44.8032439,259820,80,0,0,0,0,8,1,3,2,0,1,72000
41.7272494,44.7624448,259652,124,0,0,0,0,6,3,5,3,2,2,85000
41.72259589999999,44.7617541,259594,150,0,0,0,0,9,6,5,4,0,2,110000
41.7105144,44.8625224,259589,75,0,0,0,0,10,1,3,2,0,2,50000
41.70706078515104,44.79705316880471,259458,105,1,1,1,0,2,2,4,2,3,1,105000
41.7137864,44.8127494,259217,141,0,0,0,0,1,0,5,0,0,0,70000
41.747402,44.77128510000001,259203,59,0,0,0,0,16,14,2,1,3,1,51000
41.73159620000001,44.7530252,259175,125,0,0,0,0,12,6,4,3,0,2,140000
41.7288554,44.737523,259162,48,0,0,0,0,8,7,2,1,3,1,49500
41.72802679999999,44.7479153,259020,51,0,0,0,0,5,5,2,1,2,1,45000
41.7317012,44.7477758,258977,96,0,0,0,0,5,3,3,2,0,2,78000
41.7109105,44.758644,258966,64,0,0,0,0,12,1,2,0,0,1,81125
41.7131432,44.7143903,258890,145,0,0,0,0,9,4,6,4,0,2,125000
41.7131432,44.7143903,258889,104,0,0,0,0,9,4,4,3,0,1,119000
41.7109105,44.758644,258886,75,0,0,0,0,14,9,3,2,0,1,97000
41.7131432,44.7143903,258883,67,0,0,0,0,15,15,2,1,0,1,85000
41.7025581,44.7715719,258882,54,0,0,0,0,13,4,2,1,0,1,80000
41.6940635,44.8525954,258880,120,0,0,0,0,2,0,5,4,0,3,90000
41.70687789999999,44.7964391,258875,105,0,0,0,0,2,2,4,0,3,0,105000
41.7114072,44.7822475,258874,95,0,0,0,0,4,4,2,1,0,1,132000
41.7189634,44.7783731,258872,78,0,0,0,0,5,5,2,1,0,1,82000
41.7031601,44.8852122,258846,76,3,0,0,0,8,8,3,2,3,1,40000
41.7950209,44.8251939,258682,50,0,0,0,0,14,6,2,1,0,1,45000
41.6919221,44.8485035,258612,150,0,0,0,0,1,0,5,4,0,2,100000
41.67204470000001,44.8353217,258585,63,0,0,0,0,17,16,2,1,0,1,72000
41.70310309357602,44.80440613115698,258543,53,0,0,0,0,3,3,2,1,4,1,67045
41.7258401,44.7489211,258449,82,1,0,0,0,8,1,3,2,0,1,70000
41.66639079999999,44.7195513,258435,138,3,0,0,0,2,0,4,3,3,2,125000
41.7504768,44.7862521,258399,80,0,0,0,0,12,4,3,2,0,1,88500
41.7271217,44.7647406,258390,151,0,0,0,0,5,3,5,3,0,1,129000
41.7939285,44.7316091,258388,190,0,0,0,0,2,0,5,4,3,2,75000
41.785076,44.7523549,258286,52,0,0,0,0,5,5,1,1,0,1,40000
41.785076,44.7523549,258284,65,1,1,1,0,5,3,3,2,0,1,51500
41.7957822,44.7497488,258282,82,1,1,1,0,11,3,3,2,0,1,78000
41.7924326,44.7403179,258278,50,1,1,1,0,11,4,2,1,0,1,38500
41.7924326,44.7403179,258274,50,0,0,0,0,13,4,3,2,0,1,43000
41.788038,44.7490029,258268,80,1,1,1,0,9,4,3,2,0,1,62000
41.7922006,44.7553182,258208,53,1,1,1,0,8,6,2,1,0,1,39000
41.7922006,44.7553182,258196,78,1,1,1,0,16,5,3,2,0,1,58000
41.6901452,44.8233997,258186,117,0,0,0,0,5,2,4,3,3,1,145000
41.6759938,44.9028746,258095,70,0,0,0,0,5,5,3,2,3,1,33000
41.7160814,44.7653443,258085,37,0,0,0,0,11,1,1,0,0,0,34000
41.7134455,44.803724,258084,105,0,0,0,0,3,3,6,4,4,3,75000
41.7753973,44.7748357,257993,62,0,0,0,0,16,9,3,2,3,1,59033
41.7274598,44.787861,257975,81,0,0,0,0,15,5,3,2,0,1,90000
41.7131432,44.71559369270762,257969,80,0,0,0,0,9,7,3,2,0,1,85000
41.7212878,44.7298345,257936,75,0,0,0,0,5,5,3,2,0,1,54000
41.7131432,44.7143903,257928,108,0,0,0,0,10,3,4,3,0,1,118000
41.7323341,44.7317711,257838,58,0,0,0,0,17,15,2,1,3,1,39440
41.7330653,44.8091528,257834,142,0,0,0,0,2,0,7,4,0,2,83000
41.744212,44.7190421,257829,144,0,0,0,0,7,7,4,3,0,2,132000
41.7317242,44.741659,257827,95,0,0,0,0,6,5,3,2,0,1,115000
41.7317012,44.7477758,257823,82,0,0,0,0,9,3,3,2,0,1,86100
41.7285845,44.737004,257818,68,0,0,0,0,7,2,2,1,0,1,72000
41.7173265,44.7171429,257752,59,0,0,0,0,8,7,2,1,3,1,80000
41.7207921,44.7086281,257728,92,0,0,0,0,14,11,3,2,0,2,122000
41.7878199,44.7526893,257702,70,0,0,0,0,10,5,3,2,0,1,15000
41.6720944,44.8579101,257694,45,0,0,0,0,23,23,2,1,0,1,33000
41.7285405,44.8006247,257666,72,0,0,0,0,2,0,3,1,0,1,49000
41.7647062,44.7768644,257652,68,0,0,0,0,14,8,2,1,0,1,48000
41.7236,44.7436801,257527,160,0,0,0,0,20,1,3,2,0,1,125000
41.7236,44.7436801,257526,85,0,0,0,0,20,1,3,2,0,1,115000
41.7189634,44.7783731,257524,96,0,0,0,0,10,8,4,3,0,1,110000
41.7221586,44.7509864,257520,59,0,0,0,0,14,12,2,1,0,1,100000
41.723634,44.7631864,257519,96,0,0,0,0,6,4,3,2,0,1,99000
41.7233277,44.7415423,257517,70,0,0,0,0,14,3,3,2,0,1,90000
41.7333065,44.74195,257514,80,0,0,0,0,12,8,3,2,0,1,85000
41.7223179,44.7509589,257511,58,0,0,0,0,13,3,2,1,0,1,82000
41.7207403,44.7091564,257505,60,0,0,0,0,22,6,2,1,0,1,68000
41.7131432,44.7143903,257487,84,0,0,0,0,9,7,2,1,0,1,73000
41.7336484,44.7669816,257450,122,0,0,0,0,9,7,5,3,0,2,133000
41.7236,44.7436801,257447,118,0,0,0,0,17,14,3,2,0,1,125000
41.7197941,44.7394075,257435,83,0,0,0,0,6,5,3,2,0,1,93000
41.7274332,44.737804,257431,103,0,0,0,0,9,7,3,2,0,1,92000
41.7283363,44.7335547,257421,50,0,0,0,0,9,4,2,1,0,1,51000
41.7560876,44.7539333,257339,49,0,0,0,0,11,5,2,1,3,1,36900
41.7212295,44.7627305,257331,78,0,0,0,0,14,2,3,1,3,1,85000
41.7273938,44.7466522,257296,80,0,0,0,0,4,4,3,2,2,1,84000
41.788051,44.7488272,257229,80,0,0,0,0,10,9,4,0,0,0,45000
41.7207921,44.7086281,257227,65,0,0,0,0,10,2,3,2,0,1,62000
41.7144106,44.8007709,257217,92,0,0,0,0,3,1,3,0,3,1,74000
41.7144106,44.8007709,257215,92,0,0,0,0,3,1,3,2,3,1,74000
41.7513754,44.76280819999999,257174,90,0,0,0,0,8,8,4,2,3,2,54000
41.7712837,44.7788598,257167,43,0,0,0,0,16,14,2,1,3,1,82500
41.7950209,44.8251939,257064,46,0,0,0,0,14,11,2,1,3,1,40000
41.7040695,44.7995592,256963,95,0,0,0,0,11,11,2,1,3,1,138000
41.7344573,44.7227317,256890,170,0,0,0,0,9,1,2,0,3,1,62000
41.7924291,44.7601313,256872,180,0,0,0,0,1,1,6,0,0,0,100000
41.75519389999999,44.7681033,256842,48,0,0,0,0,14,7,2,1,0,1,35000
41.75519389999999,44.7681033,256840,48,0,0,0,0,14,9,2,1,0,1,35000
41.7885372740164,44.74234156867829,256824,79,0,0,0,0,16,10,3,2,0,1,63000
41.73791692994099,44.72585528737086,256756,43,0,0,0,0,11,4,2,0,0,0,36890
41.7497717,44.78709660000001,256693,56,0,0,0,0,8,1,1,0,0,0,53675
41.7497717,44.78709660000001,256692,63,0,0,0,0,8,1,1,0,0,0,47925
41.7252445,44.7562645,256565,186,0,0,0,0,5,5,4,2,3,1,120000
41.7884173,44.7559651,256444,50,0,0,0,0,10,4,2,1,0,1,55000
41.7736388,44.7720426,256401,38,0,0,0,0,3,0,2,1,0,1,25000
41.8038268,44.8348678,256399,105,0,0,0,0,9,9,4,3,0,1,62000
41.6839477,44.840231,256322,101,3,0,0,0,9,3,4,3,0,2,95000
41.7056302,44.7784897,256312,65,1,0,0,0,7,1,2,1,0,1,80000
41.7113256,44.7960092,256202,140,0,0,0,0,2,2,3,0,0,2,140000
41.6835825,44.8228496,256192,60,1,0,0,0,12,7,2,1,0,1,76000
41.7113256,44.7960092,256179,140,0,0,0,0,3,2,3,0,0,2,140000
41.679305589952264,44.836205973388665,256094,65,0,0,0,0,1,1,1,1,2,1,56000
41.6839477,44.840231,256070,101,0,0,0,0,9,3,3,2,0,2,95000
41.7056302,44.7784897,256068,65,0,0,0,0,7,1,2,1,0,1,80000
41.7113256,44.7960092,256062,140,1,0,0,0,3,2,3,0,0,2,140000
41.7131432,44.716797085415244,255929,75,0,0,0,0,18,12,2,1,0,1,78000
41.773633,44.7614958,255812,140,0,0,0,0,2,0,3,2,0,2,130000
41.8106638,44.7787231,255808,160,0,0,0,0,2,0,7,5,0,0,80000
41.7131432,44.7143903,255800,133,0,0,0,0,10,10,3,2,0,1,118000
41.6763898,44.8165074,255719,60,0,0,0,0,12,7,2,1,0,1,76000
41.785076,44.7523549,255642,97,0,0,0,0,5,4,3,2,0,1,82000
41.7761338,44.7552884,255549,65,1,0,1,0,7,1,3,2,0,1,56000
41.7131432,44.71559369270762,255530,74,0,0,0,0,12,3,3,2,0,1,86000
41.7131432,44.7143903,255491,118,0,0,0,0,16,11,3,2,0,2,82000
41.7899366,44.8049824,255456,35,0,0,0,0,11,10,2,1,0,1,35000
41.6998511,44.8872464,255429,67,0,0,0,0,8,7,3,2,2,1,135600
41.6998511,44.8872464,255428,46,3,0,0,0,8,6,2,1,2,1,93200
41.7243643,44.7657172,255420,41,0,0,0,0,1,1,1,0,2,1,107062
41.7131432,44.7143903,255362,85,0,0,0,0,14,7,3,2,3,1,71000
41.7094695,44.77184822393582,255229,36,0,0,0,0,12,3,2,1,2,1,49000
41.75519389999999,44.7681033,255201,48,0,0,0,0,14,11,2,2,3,1,33600
41.7212878,44.7298345,255197,120,0,0,0,0,22,17,3,2,0,2,135000
41.7171141,44.74673296705743,255192,59,0,0,0,0,18,7,2,1,0,1,108000
41.7274332,44.737804,255062,85,0,0,0,0,9,2,3,2,0,1,120000
41.7344607,44.7839439,255059,85,0,0,0,0,5,3,3,2,0,1,35000
41.6848135,44.8361434,254971,45,0,0,0,0,1,0,2,1,2,1,20000
41.7067022,44.8042965,254967,73,0,0,0,0,2,2,4,0,3,0,58000
41.67823689999999,44.87352449999999,254948,62,0,0,0,0,20,13,3,1,0,1,56000
41.6867767,44.8823713,254947,54,0,0,0,0,4,4,2,1,0,1,40000
41.7212878,44.7298345,254813,75,0,0,0,0,18,7,2,1,0,1,83000
41.7582202,44.772635,254796,55,0,0,0,0,4,2,2,1,3,1,33000
41.721521,44.7932113,254664,71,0,0,0,0,5,4,3,2,2,1,55000
41.6766402,44.8311442,254661,72,0,0,0,0,14,6,3,2,0,1,71000
41.6766402,44.8311442,254660,71,0,0,0,0,14,12,3,2,0,1,69000
41.71720759999999,44.7825989,254632,58,0,0,0,0,12,10,2,1,0,1,90000
41.7593317,44.7768917,254623,76,0,0,0,0,16,6,3,2,2,2,65000
41.6611758,44.7085831,254590,100,0,0,0,0,1,0,5,3,0,1,77000
41.6725352,44.8648757,254395,75,0,0,0,0,5,2,3,2,2,1,60000
41.7267829,44.77139529999999,254389,44,0,0,0,0,6,5,2,1,3,1,52000
41.6722083,44.8022803,254372,57,0,0,0,0,6,2,2,1,0,1,80220
41.7925366,44.7697726,254232,73,0,0,0,0,11,5,3,2,0,1,95000
41.7110829,44.7679567,254219,122,0,0,0,0,15,7,4,2,3,1,140300
41.7123663,44.7985554,254217,155,0,0,0,0,5,1,4,0,0,2,138000
41.7218609,44.7904233,253958,110,0,0,0,0,16,12,3,2,0,1,87000
41.6872391,44.77863730000001,253934,32,0,0,0,0,7,2,1,1,0,1,45000
41.6776799,44.835358,253815,60,0,0,0,0,15,7,3,2,0,1,68000
41.73103464319102,44.72431182861328,253494,70,0,0,0,0,1,0,2,1,0,1,90000
41.78679899999999,44.7668664,253491,52,1,0,0,0,5,3,2,1,0,1,41000
41.785076,44.7523549,253490,65,1,1,1,0,5,4,3,2,0,1,50500
41.7905235694432,44.74066250583497,253489,95,2,1,1,0,13,3,3,2,0,1,75000
41.79135548837823,44.744524886816414,253488,90,2,0,1,0,13,3,3,2,0,1,75000
41.727154129581365,44.77600419025135,253187,82,0,0,0,0,11,1,4,2,3,1,55000
41.7809323,44.8180434,252899,35,0,0,0,0,8,3,1,1,0,1,26000
41.6879869,44.8340371,252894,60,0,0,0,0,8,5,2,1,0,1,48000
41.6834168,44.83711419999999,252617,55,0,0,0,0,1,0,2,1,3,1,25000
41.6795961,44.8259206,252600,133,0,0,0,0,15,9,4,3,0,2,140000
41.6904266,44.86669699999999,252581,88,0,0,0,0,9,6,3,2,3,1,75000
41.7212295,44.7627305,252574,98,3,0,0,0,4,3,3,2,3,1,116000
41.7919557,44.8226202,252510,164,0,0,0,0,10,9,4,3,0,2,140000
41.72302632075622,44.7056758648193,252406,69,3,0,0,0,9,3,3,2,3,2,71000
41.7031601,44.8852122,252343,79,2,0,0,0,8,8,3,2,3,1,40290
41.7753973,44.7748357,252334,70,0,0,0,0,16,3,2,1,0,1,59500
41.72621789999999,44.7996908,252310,67,0,0,0,0,8,7,3,2,3,2,50000
41.72423149999999,44.7149621,252222,71,0,0,0,0,20,2,1,0,3,0,67800
41.7753973,44.7748357,252115,56,0,0,0,0,10,3,2,1,0,1,55000
41.775374,44.7214098596191,251986,186,0,0,0,0,2,0,1,1,0,1,57000
41.7104994,44.8122291,251937,192,0,0,0,0,1,0,4,3,3,1,51000
41.7266334,44.7738989,251921,54,0,0,0,0,22,15,2,1,0,1,78000
41.71025590000001,44.7737731,251882,135,1,0,0,0,12,4,4,3,0,2,140000
41.7098958,44.79695520000001,251797,35,0,0,0,0,13,8,2,1,3,1,50000
41.7202868,44.7406138,251644,50,0,0,0,0,9,3,2,1,0,1,16000
41.6908413,44.7985446,251615,45,0,0,0,0,2,2,1,1,0,1,80000
41.79842499999999,44.82406109999999,251593,78,0,0,0,0,10,10,3,2,0,1,55000
41.7279669,44.7284077,251433,120,0,0,0,0,9,2,5,4,0,2,82000
41.7212295,44.7627305,251425,61,0,0,0,0,8,4,3,2,0,0,62000
41.7267829,44.77139529999999,251423,130,0,0,0,0,8,5,5,3,0,1,93000
41.6746288,44.8395073,251420,56,0,0,0,0,31,30,1,1,0,1,50000
41.7274332,44.737804,251361,145,0,0,0,0,5,5,4,3,0,1,138000
41.76195999999999,44.8011987,251329,98,0,0,0,0,3,2,3,2,0,1,60000
41.792506913052115,44.73994367381898,251288,63,2,0,0,0,9,8,2,1,3,1,40500
41.788051,44.7488272,251281,100,0,0,0,0,12,3,3,2,0,1,39000
41.7836902,44.76484629999999,251280,49,0,0,0,0,16,9,2,1,0,1,34000
41.6331023,44.9165377,251279,130,0,0,0,0,15,12,4,3,0,1,105000
41.7258401,44.7489211,251277,57,0,0,0,0,10,8,1,1,0,1,57000
41.7344573,44.7227317,251273,85,0,0,0,0,12,5,2,2,0,1,90000
41.6900376,44.8679369,251272,87,0,0,0,0,9,8,4,3,0,1,84000
41.7800889,44.7826408,251270,47,0,0,0,0,5,4,2,1,0,1,36500
41.7836048,44.8105913,251268,75,0,0,0,0,16,4,3,2,0,1,52000
41.7345109,44.7851132,251259,78,0,0,0,0,15,7,3,2,0,1,65000
41.72423149999999,44.7149621,251257,57,0,0,0,0,19,7,2,1,0,1,47000
41.7258401,44.7489211,251255,82,0,0,0,0,5,3,4,2,0,1,70000
41.713806,44.7576208,251250,77,0,0,0,0,6,2,3,1,0,1,110000
41.80377184435867,44.77595601055908,251238,64,0,0,0,0,6,4,3,2,0,1,44000
41.69549809999999,44.8048049,251235,40,0,0,0,0,4,1,1,1,0,1,70000
41.7212878,44.7298345,251234,78,0,0,0,0,21,7,2,1,0,1,95000
41.7809323,44.8180434,251231,36,0,0,0,0,8,5,1,1,0,1,28000
41.70644739999999,44.8433368,251228,90,0,0,0,0,9,9,4,3,0,1,55000
41.7091917,44.7830763,251128,135,0,0,0,0,12,3,3,2,3,2,142000
41.76354389999999,44.7853907,251111,112,0,0,0,0,8,8,3,2,0,1,70500
41.7281631,44.78416,251106,73,0,0,0,0,8,3,3,2,0,1,80000
41.6870482,44.8797085,251104,78,0,0,0,0,1,1,3,2,0,1,43000
41.7247154,44.7110469,251094,45,0,0,0,0,16,3,2,1,0,1,49000
41.8071791,44.8294406,251090,84,0,0,0,0,2,2,4,3,0,1,54000
41.7337038,44.79695539999999,251080,65,0,0,0,0,8,8,2,1,0,1,53000
41.7098496,44.73304,251049,91,0,0,0,0,11,7,3,2,0,1,92000
41.8199618,45.699883197968205,251040,78,0,0,0,0,9,8,3,2,0,1,48000
41.7344573,44.7227317,251036,106,0,0,0,0,9,7,4,2,3,1,45000
41.7207921,44.7086281,251009,112,0,0,0,0,18,8,4,3,0,1,140000
41.7187832,44.7082022,251008,113,0,0,0,0,5,4,3,2,0,1,124000
41.7212878,44.7298345,251006,129,0,0,0,0,13,5,4,3,0,1,110000
41.7221586,44.7509864,251004,76,0,0,0,0,9,2,3,2,0,1,107000
41.7233307,44.7695406,251000,73,0,0,0,0,14,6,3,2,0,1,95000
41.7258401,44.7489211,250998,98,0,0,0,0,8,8,3,2,0,1,90000
41.7258401,44.7489211,250989,54,0,0,0,0,5,5,2,1,0,1,62000
41.7866709,44.7456335,250988,107,0,0,0,0,5,5,4,0,3,0,80000
41.8071791,44.8294406,250970,70,0,0,0,0,9,5,2,2,0,1,45000
41.8017988,44.8087424,250967,35,2,0,0,0,8,5,2,1,2,1,21000
41.763969,44.775348,250963,50,0,0,0,0,2,1,3,1,0,1,28000
41.7157847,44.7766288,250959,99,0,0,0,0,14,5,3,2,0,1,125000
41.7428749,44.7745371,250761,62,0,0,0,0,16,12,3,2,0,1,49000
41.788707,44.7591671,250753,99,0,0,0,0,9,9,5,4,0,1,85000
41.7258401,44.7489211,250750,65,0,0,0,0,5,5,2,1,0,1,75000
41.7189494,44.7636451,250749,147,0,0,0,0,16,12,4,2,0,1,94800
41.7430931,44.7350725,250744,52,0,0,0,0,14,7,2,1,0,1,35000
41.7922006,44.7553182,250740,47,0,0,0,0,11,11,2,1,0,1,55000
41.72440599999999,44.76738,250737,60,0,0,0,0,8,8,2,1,0,1,60000
41.7258401,44.7489211,250734,100,0,0,0,0,5,3,3,2,0,1,90000
41.7131432,44.7143903,250726,128,0,0,0,0,9,6,4,3,0,2,118000
41.7137018,44.7512251,250724,100,0,0,0,0,8,4,4,3,0,1,88000
41.7168522,44.767545,250723,138,0,0,0,0,7,7,5,3,0,0,115000
41.7901744,44.75223053768908,250722,110,0,0,0,0,9,9,4,3,0,1,81000
41.7274332,44.737804,250705,105,0,0,0,0,9,5,3,2,0,1,130000
41.7150937,44.7700026,250703,92,0,0,0,0,10,6,3,2,0,1,113500
41.7203048,44.7174668,250701,95,0,0,0,0,22,5,3,2,0,1,112000
41.7150937,44.7700026,250700,86,0,0,0,0,13,12,3,2,0,1,110000
41.7178943,44.7317791,250699,90,0,0,0,0,8,7,3,2,0,1,98000
41.7309268,44.74474619999999,250698,96,0,0,0,0,10,4,3,2,0,1,91000
41.7247154,44.7110469,250697,96,0,0,0,0,11,6,3,2,0,1,85000
41.7274332,44.737804,250696,87,0,0,0,0,13,13,3,2,0,1,78000
41.7247154,44.7110469,250694,55,0,0,0,0,14,7,2,1,0,1,77000
41.723634,44.7631864,250691,62,0,0,0,0,10,2,3,2,0,1,68000
41.7207921,44.7086281,250688,62,0,0,0,0,25,17,3,2,0,1,59000
41.7337038,44.79695539999999,250683,80,0,0,0,0,10,6,3,2,0,1,65000
41.72563479999999,44.7338265,250678,105,0,0,0,0,9,4,4,3,0,1,130000
41.8017988,44.8087424,250671,40,0,0,0,0,12,3,2,1,0,1,35000
41.7161893,44.7708443,250664,83,0,0,0,0,8,4,3,2,0,1,69000
41.72091169999999,44.73207170000001,250652,105,0,0,0,0,10,4,3,2,0,1,140000
41.7289969,44.7272998,250648,105,0,0,0,0,9,8,4,3,0,1,82000
41.7252445,44.7562645,250643,83,0,0,0,0,12,6,3,2,0,1,115000
41.7924291,44.7601313,250636,61,0,0,0,0,9,3,2,1,0,1,47000
41.72024469999999,44.7649224,250630,80,0,0,0,0,8,3,3,2,0,1,72000
41.6683732,44.8601638,250618,52,0,0,0,0,3,1,2,1,0,1,50000
41.7150937,44.7700026,250616,93,0,0,0,0,14,7,2,1,0,1,87000
41.7207921,44.7086281,250615,75,0,0,0,0,14,11,3,2,0,1,78000
41.72287619999999,44.71746479999999,250614,65,0,0,0,0,5,5,3,2,0,1,75000
41.7302213,44.7730939,250551,48,0,0,0,0,9,3,3,2,0,1,55000
41.801126,44.8294641,250543,52,0,0,0,0,16,3,2,1,0,1,44000
41.788707,44.7591671,250521,118,0,0,0,0,16,12,3,2,0,1,77000
41.7425803,44.7791231,250493,130,0,0,0,0,7,7,4,3,0,1,100000
41.7207921,44.7086281,250483,91,0,0,0,0,18,13,3,2,0,1,110000
41.703706,44.77245610000001,250394,82,0,0,0,0,9,2,3,2,0,1,121000
41.7025581,44.7715719,250391,67,0,0,0,0,13,12,3,2,0,1,53000
41.7181711,44.7931275,250362,50,0,0,0,0,3,2,2,1,0,1,45000
41.6725352,44.8648757,250343,75,0,0,0,0,23,6,3,2,0,1,50000
41.6900376,44.8679369,250341,103,0,0,0,0,11,6,4,3,0,1,70000
41.69101089999999,44.8866466,250328,41,0,0,0,0,8,3,2,1,0,1,35000
41.700807,44.7933088,250320,45,0,0,0,0,5,1,2,1,0,1,62000
41.7934047,44.8119562,250315,68,0,0,0,0,12,10,2,1,0,1,47500
41.79842499999999,44.82406109999999,250311,80,0,0,0,0,9,6,3,3,0,1,57000
41.8002642,44.8241812,250268,47,0,0,0,0,10,9,2,1,0,1,40000
41.7046752,44.8724851,250241,50,0,0,0,0,10,8,2,1,0,1,41000
41.78844815535264,44.74913624918213,250231,68,0,0,0,0,5,1,3,2,0,1,35000
41.7204349,44.7748554,250225,82,0,0,0,0,8,1,3,2,0,1,80000
41.7924291,44.7601313,250220,72,0,0,0,0,9,8,3,2,0,1,64000
41.70831889999999,44.7963967,250219,145,0,0,0,0,2,2,5,4,0,1,120000
41.7920755,44.7553204,250214,78,0,0,0,0,10,4,3,2,0,1,80000
41.6897349,44.8706397,250198,110,0,0,0,0,9,7,4,3,0,1,55000
41.7306263,44.7631878,250106,106,0,0,0,0,12,5,4,3,0,1,127000
41.7157847,44.7766288,250105,100,0,0,0,0,14,3,4,3,0,1,123000
41.7186331,44.7805806,250103,80,0,0,0,0,10,3,3,2,0,1,120000
41.7274332,44.737804,250100,100,0,0,0,0,16,13,3,2,0,1,110000
41.7189634,44.7783731,250097,70,0,0,0,0,16,2,2,1,0,1,93000
41.7247154,44.7110469,250096,81,0,0,0,0,21,13,3,2,0,1,76000
41.71720759999999,44.7825989,250094,70,0,0,0,0,14,8,2,1,0,1,75000
41.7796191,44.7804392,250035,55,0,0,0,0,9,8,1,0,3,1,35750
41.7279173,44.73809869999999,250024,82,0,0,0,0,16,2,3,2,0,1,75000
41.7203048,44.7174668,249994,69,0,0,0,0,12,5,2,1,0,1,67000
41.7283363,44.7335547,249954,108,0,0,0,0,13,12,4,3,0,1,145000
41.7274332,44.737804,249932,145,0,0,0,0,5,5,4,3,0,1,138000
41.71720759999999,44.7825989,249929,120,0,0,0,0,16,16,4,3,0,1,135000
41.718446,44.7455597,249927,69,0,0,0,0,29,6,3,2,0,1,112000
41.7266334,44.7738989,249924,92,0,0,0,0,23,9,3,2,0,1,95000
41.7317242,44.741659,249917,62,0,0,0,0,11,11,2,1,0,1,80000
41.7499285,44.7854373,249912,98,3,0,0,0,12,8,3,2,0,1,115000
41.7203048,44.7174668,249903,54,0,0,0,0,7,5,2,1,0,1,75000
41.7266334,44.7738989,249899,62,0,0,0,0,23,9,2,1,0,1,66000
41.7203048,44.7174668,249898,65,0,0,0,0,5,4,2,1,0,1,65000
41.7329582,44.7398924,249897,53,0,0,0,0,13,11,2,1,0,1,60000
41.7247154,44.7110469,249890,54,0,0,0,0,14,3,2,1,0,1,50000
41.7187832,44.7082022,249882,61,0,0,0,0,5,4,3,2,0,1,47000
41.7459392,44.7929273,249864,32,0,0,0,0,5,2,1,1,0,0,32000
41.7131432,44.7143903,249838,103,0,0,0,0,10,9,3,2,0,1,148000
41.7131432,44.7143903,249823,51,0,0,0,0,7,4,2,1,0,1,65000
41.8159195,44.8418798,249777,66,0,0,0,0,1,0,3,2,3,0,55000
41.7917577,44.81131730000001,249764,89,0,0,0,0,13,8,3,2,0,1,71000
41.7716086,44.7793183,249738,60,0,0,0,0,14,6,3,2,0,1,78000
41.7428749,44.7745371,249705,89,0,0,0,0,9,9,5,4,0,1,71500
41.7179807,44.7811526,249666,87,0,0,0,0,22,6,3,2,0,1,135000
41.7189634,44.7783731,249665,72,0,0,0,0,23,17,2,1,0,1,135000
41.7193068,44.7803727,249664,80,0,0,0,0,15,3,3,2,0,1,130000
41.7247154,44.7110469,249662,81,0,0,0,0,22,12,3,2,0,1,100000
41.7178943,44.7317791,249660,60,0,0,0,0,12,6,2,1,0,1,66000
41.7424432,44.761506,249636,62,0,0,0,0,9,5,3,2,3,1,56000
41.7430987,44.7898637,249606,98,3,0,0,0,12,8,3,2,0,1,115000
41.7025581,44.7715719,249576,68,0,0,0,0,10,7,3,2,0,1,77000
41.7131432,44.7143903,249569,74,0,0,0,0,16,13,2,1,0,2,67000
41.6921811,44.8875192,249546,41,2,0,0,0,9,7,2,1,2,1,26000
41.7499285,44.7854373,249521,98,0,0,0,0,12,8,3,2,0,1,115000
41.7197941,44.7394075,249505,122,0,0,0,0,11,2,3,2,0,2,125000
41.7212878,44.7298345,249504,124,0,0,0,0,17,5,3,2,0,1,120000
41.7212878,44.7298345,249499,78,0,0,0,0,13,11,3,2,0,1,92000
41.7266334,44.7738989,249481,61,0,0,0,0,25,21,2,1,0,1,65000
41.7202868,44.74181732647276,249464,45,0,0,0,0,6,4,2,1,3,1,50000
41.7247154,44.7110469,249456,55,0,0,0,0,12,12,2,1,0,1,50000
41.6897349,44.8706397,249397,100,0,0,0,0,9,9,3,2,0,1,49000
41.6725352,44.8648757,249381,65,0,0,0,0,9,7,3,2,0,1,57000
41.8038268,44.8348678,249351,100,0,0,0,0,9,5,3,2,0,1,61000
41.7033976,44.786067,249332,120,0,0,0,0,2,1,5,2,0,1,90000
41.7641243,44.75559639999999,249317,60,0,0,0,0,16,4,2,1,0,1,48000
41.7274332,44.737804,249312,77,0,0,0,0,9,1,2,1,0,1,53000
41.77360669999999,44.764709,249307,64,0,0,0,0,8,8,3,2,0,1,45000
41.7010846,44.79891749999999,249304,38,0,0,0,0,2,1,2,1,0,2,37000
41.7226498,44.7673674,249283,98,0,0,0,0,8,4,4,3,0,2,79000
41.7221188,44.7080284,249214,70,0,0,0,0,23,11,3,2,0,1,85000
41.6790612,44.822133,249197,35,0,0,0,0,2,1,1,1,0,1,25000
41.7985497,44.7721655,249196,107,0,0,0,0,14,9,4,3,0,2,69000
41.7258401,44.7489211,249169,100,0,0,0,0,16,9,3,2,0,1,145000
41.7157847,44.7766288,249166,99,0,0,0,0,14,5,3,2,0,1,125000
41.7201136,44.773466,249165,125,0,0,0,0,13,10,4,3,0,1,111000
41.7237252,44.7297078,249162,90,0,0,0,0,12,9,4,3,0,1,90000
41.7285845,44.737004,249160,62,0,0,0,0,6,5,3,2,0,1,85000
41.7344573,44.7227317,249159,95,0,0,0,0,12,6,3,2,0,1,82000
41.7329582,44.7398924,249158,100,0,0,0,0,13,7,4,3,0,1,80000
41.7258401,44.7489211,249157,60,0,0,0,0,15,12,3,2,0,1,75000
41.7306263,44.7631878,249156,65,0,0,0,0,10,3,2,1,0,1,75000
41.7197941,44.740611017245314,249137,110,0,0,0,0,7,7,3,2,0,1,90000
41.779728883636274,44.78094398975372,249129,55,0,0,0,0,1,1,1,0,3,1,35750
41.7122001,44.8776588,249127,75,0,0,0,0,9,2,3,2,0,1,50000
41.70729040000001,44.8052287,249126,58,0,0,0,0,2,2,3,2,0,1,61000
41.71435049999999,44.7433475,249120,101,0,0,0,0,9,4,3,2,0,1,120000
41.7025581,44.7715719,249114,90,0,0,0,0,9,4,3,2,0,1,74000
41.731255965264765,44.693264532772254,249012,100,0,0,0,0,12,3,4,3,3,1,122000
41.797139379708845,44.74438241993168,249010,38,0,0,0,0,2,2,2,1,0,1,23000
41.7109105,44.758644,249004,91,0,0,0,0,13,4,3,2,0,1,128000
41.7001878,44.7972784,248984,44,0,0,0,0,2,2,3,1,3,1,41000
41.7131432,44.7143903,248969,60,0,0,0,0,19,14,2,1,0,1,63000
41.8038268,44.8348678,248968,85,0,0,0,0,16,14,3,2,0,1,125000
41.6986768,44.6975318,248964,51,0,0,0,0,3,2,3,2,3,1,135419
41.705058,44.7850975,248963,57,0,0,0,0,3,2,2,1,0,0,45000
41.7647062,44.7768644,248955,65,3,0,0,0,8,4,2,1,2,1,136994
41.7358205,44.7612216,248943,118,0,0,0,0,6,2,4,3,0,1,113000
41.689038,44.8875062,248940,41,3,0,0,0,9,7,2,1,2,1,26000
41.7332995,44.7569396,248928,77,0,0,0,0,6,6,4,3,0,1,89000
41.7236,44.7436801,248907,63,0,0,0,0,17,17,3,2,0,1,60000
41.7233563,44.772588,248904,40,0,0,0,0,7,3,1,1,0,1,70000
41.7322525,44.7874747,248893,105,0,0,0,0,12,4,4,3,0,2,65000
41.7299163,44.7993136,248882,65,0,0,0,0,8,4,3,2,0,1,70000
41.7252445,44.7562645,248879,115,1,0,0,0,6,2,3,2,0,1,94000
41.801126,44.8294641,248852,93,0,0,0,0,9,8,3,2,0,2,52000
41.7087169,44.7950723,248849,83,0,0,0,0,2,1,3,2,0,1,66000
41.7225982,44.7620036,248842,89,0,0,0,0,9,8,3,2,0,1,80000
41.7924326,44.7403179,248837,54,0,0,0,0,11,7,2,1,0,1,36500
41.7247154,44.7110469,248832,74,0,0,0,0,16,3,3,2,0,1,76000
41.75932100000001,44.7728352,248831,78,0,0,0,0,6,3,3,2,0,1,70000
41.7233563,44.772588,248829,40,0,0,0,0,7,3,2,1,0,1,59000
41.7676347,44.7914853,248820,84,0,0,0,0,13,7,3,2,0,1,75000
41.78679899999999,44.7668664,248744,146,0,0,0,0,9,1,5,3,0,1,79000
41.7924326,44.7403179,248733,96,0,0,0,0,9,2,4,2,0,1,70000
41.7308669,44.7567507,248665,117,0,0,0,0,9,2,3,1,2,1,75000
41.7025581,44.7715719,248657,165,0,0,0,0,14,4,4,3,0,2,142000
41.713806,44.7576208,248651,77,0,0,0,0,6,2,3,2,0,1,110000
41.7137018,44.7512251,248647,60,0,0,0,0,12,11,3,2,0,1,90000
41.807808994016234,44.82747263385668,248645,60,0,0,0,0,1,0,3,2,3,1,40000
41.7131432,44.7143903,248642,59,0,0,0,0,11,9,2,1,0,1,70000
41.7109105,44.758644,248641,65,0,0,0,0,4,4,3,2,0,1,120000
41.6891979,44.8016493,248639,60,0,0,0,0,3,3,3,1,0,1,70000
41.7028391,44.7834203,248634,58,0,0,0,0,9,1,3,2,0,1,55000
41.75932100000001,44.7728352,248633,77,0,0,0,0,9,4,3,2,0,1,69300
41.69499999999999,44.78916699999999,248624,35,0,0,0,0,3,1,1,1,0,2,19000
41.7908848,44.7648869,248610,55,0,0,0,0,18,2,2,1,0,1,47000
41.7283363,44.7335547,248601,60,0,0,0,0,11,8,3,2,0,1,57000
41.69101089999999,44.8866466,248597,42,0,0,0,0,9,8,2,1,0,1,16000
41.7079155,44.8028652,248584,130,0,0,0,0,2,2,4,3,0,1,100000
41.7920755,44.7553204,248561,85,0,0,0,0,15,4,2,1,0,1,24500
41.7205623,44.763241,248552,128,0,0,0,0,22,5,4,3,0,2,115000
41.8038051,44.8240395,248546,52,0,0,0,0,9,9,1,1,0,1,35000
41.7258401,44.7489211,248531,59,0,0,0,0,8,8,2,1,0,1,63000
41.6751961,44.8197261,248510,130,0,0,0,0,9,6,5,3,0,1,105000
41.6839477,44.840231,248503,56,0,0,0,0,21,19,2,1,0,1,147000
41.7925327,44.8173656,248499,51,0,0,0,0,2,0,3,2,2,1,55000
41.7226352,44.7697317,248494,94,0,0,0,0,9,6,2,1,0,1,90000
41.7767602,44.807966,248493,78,0,0,0,0,8,4,4,3,0,1,57500
41.73435622891729,44.780674081147616,248490,52,0,0,0,0,9,1,2,0,3,2,65000
41.7316027,44.785331,248485,103,0,0,0,0,5,5,5,2,0,1,66000
41.7395095,44.7810259,248469,60,0,0,0,0,8,1,3,2,0,1,55000
41.768383,44.7454906,248436,38,0,0,0,0,16,3,2,1,0,1,37500
41.7940331,44.8077986,248435,37,0,0,0,0,10,9,2,1,0,1,27000
41.7943848,44.8213708,248434,73,0,0,0,0,9,9,3,2,0,1,60000
41.7317242,44.741659,248413,49,0,0,0,0,15,1,2,0,3,0,36000
41.7435355,44.7719876,248407,79,0,0,0,0,16,7,3,2,0,1,73000
41.8048599,44.8197341,248403,115,0,0,0,0,3,2,4,3,0,1,93000
41.7441661,44.7724067,248375,114,0,0,0,0,9,5,4,3,0,1,85000
41.7332995,44.7569396,248371,77,0,0,0,0,6,6,4,2,0,1,89000
41.7189634,44.7783731,248259,85,0,0,0,0,5,2,3,2,0,1,102000
41.78797192850794,44.818177826458765,248242,69,0,0,0,0,17,17,3,2,3,1,52000
41.7109467,44.8154198,248214,192,0,0,0,0,1,0,4,3,3,1,53000
41.6839477,44.840231,248167,65,0,0,0,0,2,1,3,2,0,1,48000
41.7449947,44.7782107,248079,65,0,0,0,0,9,1,3,2,0,1,62000
41.7843594,44.759059,248067,50,0,0,0,0,7,4,2,1,0,1,32500
41.72344099999999,44.750855,247991,90,0,0,0,0,3,2,4,2,0,1,117000
41.7853734,44.7657853,247989,55,0,0,0,0,10,6,2,1,0,1,110000
41.7340251,44.7838193,247984,50,0,0,0,0,10,5,2,1,0,1,44000
41.8002642,44.8241812,247972,150,0,0,0,0,3,3,4,2,0,0,87500
41.7149916,44.7816758,247956,42,0,0,0,0,8,2,2,1,0,1,39000
41.7344573,44.7227317,247952,85,0,0,0,0,1,0,4,3,0,1,65000
41.67823689999999,44.87352449999999,247946,49,0,0,0,0,15,9,2,1,0,2,38000
41.7253648,44.7899554,247850,40,0,0,0,0,8,7,1,1,3,1,36000
41.80190885088253,44.80974259299492,247846,50,0,0,0,0,10,5,2,1,3,1,24500
41.6988885,44.7973688,247824,40,0,0,0,0,2,0,2,2,0,1,17000
41.6695955,44.8852999,247798,54,0,0,0,0,15,13,3,2,0,1,44000
41.7030924,44.7747835,247792,118,0,0,0,0,11,4,4,3,0,2,130000
41.7274332,44.737804,247786,100,0,0,0,0,9,1,4,3,0,2,67000
41.7908848,44.7648869,247774,66,0,0,0,0,16,14,3,2,0,1,56000
41.7373166,44.7955718,247656,60,0,0,0,0,3,0,3,2,0,1,38000
41.6986768,44.6975318,247637,96,0,0,0,0,2,0,2,1,0,1,16000
41.749998,44.7988576,247636,95,0,0,0,0,1,0,2,1,0,1,30000
41.7311317,44.809366,247625,65,0,0,0,0,1,0,3,2,0,1,135000
41.6839971,44.851061,247619,67,0,0,0,0,3,0,2,1,0,1,25000
41.7991135,44.8523337,247582,96,0,0,0,0,1,0,6,2,0,1,35000
41.72386024693132,44.7377872467041,247390,67,0,0,0,0,11,1,1,0,3,0,52000
41.73255109999999,44.7858189,247364,105,0,0,0,0,1,0,2,1,0,1,32000
41.8215712,44.82304569999999,247357,130,0,0,0,0,2,0,4,2,0,1,70000
41.789684,44.8240961,247296,120,0,0,0,0,2,0,5,2,0,1,35000
41.7701263,44.7511697,247269,47,0,0,0,0,11,10,2,1,0,1,44100
41.7815957,44.81518677648699,247267,49,0,0,0,0,10,3,2,1,0,1,37000
41.7458573,44.7983247,247253,65,0,0,0,0,2,0,2,1,0,1,20000
41.7874655,44.7572972,247174,85,1,1,1,0,7,3,3,2,0,1,70000
41.7868214,44.7575408,247168,78,2,0,0,0,18,12,3,2,0,1,75000
41.7924291,44.7601313,247165,72,1,0,0,0,17,11,3,2,0,2,62000
41.7808641,44.7969473,247164,40,0,0,0,0,8,7,1,1,0,0,30000
41.6683732,44.8601638,247161,76,0,0,0,0,6,2,3,2,0,0,75000
41.6871107,44.82345970000001,247160,50,0,0,0,0,10,5,2,1,0,1,70000
41.78679899999999,44.7668664,247155,131,0,0,0,0,5,2,4,3,0,2,98250
41.7924326,44.7403179,247126,50,3,0,0,0,10,7,3,2,0,1,40000
41.788707,44.7591671,247111,100,1,1,0,0,16,16,3,3,0,2,56000
41.7957822,44.7497488,247107,110,0,0,0,0,9,5,4,3,0,2,77500
41.70631119999999,44.7748098,247034,105,0,0,0,0,7,7,3,2,3,1,140000
41.7176501,44.7717158,247017,82,0,0,0,0,11,6,3,2,0,1,97580
41.7232584,44.75890099999999,247015,60,0,0,0,0,10,7,2,1,0,1,80000
41.7004538,44.7971123,247012,44,0,0,0,0,2,2,3,2,0,1,40000
41.726695,44.7924672,247009,44,0,0,0,0,3,3,2,1,0,1,35000
41.7203808,44.7142694,247008,75,0,0,0,0,15,10,3,2,0,1,75000
41.7541398,44.7615328,246981,100,0,0,0,0,9,2,3,2,0,1,75000
41.7258401,44.7489211,246979,79,0,0,0,0,5,3,2,1,3,1,76000
41.7858118,44.7567218,246891,50,0,0,0,0,8,7,2,1,0,1,39500
41.74264220000001,44.7885871,246679,58,0,0,0,0,8,3,2,1,0,1,42000
41.7109105,44.758644,246662,101,0,0,0,0,6,6,3,2,0,1,130000
41.72754949999999,44.7939351,246660,87,0,0,0,0,3,2,3,2,0,1,55000
41.7137018,44.7512251,246641,95,0,0,0,0,8,2,3,2,0,1,95000
41.7131432,44.7143903,246630,100,0,0,0,0,9,6,4,3,0,2,78000
41.71963880000001,44.746084,246602,59,0,0,0,0,19,7,2,1,0,1,105000
41.7131432,44.7143903,246600,84,0,0,0,0,16,8,4,3,0,1,93000
41.7676347,44.7914853,246562,80,0,0,0,0,5,2,3,2,0,1,55000
41.7738197,44.7936412,246560,108,0,0,0,0,5,3,3,1,0,1,50000
41.71163249999999,44.75509139999999,246554,41,0,0,0,0,14,3,2,1,2,1,45000
41.6890629,44.8205481,246394,75,0,0,0,0,9,7,3,2,0,2,135000
41.6839477,44.840231,246392,117,0,0,0,0,22,16,3,2,0,2,124000
41.6730781,44.8155069,246387,86,0,0,0,0,12,8,3,2,0,1,112000
41.7052392,44.8062444,246325,147,0,0,0,0,2,2,8,5,0,0,115000
41.7613364,44.77402909607342,246321,105,0,0,0,0,8,5,5,3,0,1,67000
41.7156512,44.7772823,246152,106,0,0,0,0,14,8,2,1,3,2,100000
41.7613364,44.7728248,246047,143,0,0,0,0,11,1,5,0,0,2,106000
41.6709424,44.8767042,245831,50,0,0,0,0,5,1,2,1,0,1,28000
41.6987585,44.79559709999999,245773,67,0,0,0,0,2,1,3,2,4,1,89000
41.78994717396445,44.7392999436554,245710,115,0,0,0,0,9,5,5,3,3,1,62000
41.6901195,44.8301478,245704,68,0,0,0,0,8,8,2,1,2,1,57000
41.67556732750081,44.85083579690422,245566,71,0,0,0,0,12,12,3,2,3,1,57000
41.7233563,44.772588,245390,105,0,0,0,0,5,2,3,2,3,1,98000
41.7277008,44.7298519,245370,64,1,0,0,0,6,5,2,1,0,1,85000
41.7957822,44.7497488,245333,110,0,0,0,0,9,9,4,3,0,3,65000
41.6890629,44.8205481,245009,61,1,0,0,0,14,2,2,1,0,1,49000
41.71963880000001,44.746084,245005,65,0,0,1,0,9,2,2,2,0,1,72000
41.77486499999999,44.804351,244919,115,0,0,0,0,5,5,5,3,3,1,95000
41.7661467,44.7762327,244906,65,0,0,0,0,8,3,2,1,2,1,45000
41.7113256,44.7960092,244903,45,0,0,0,0,2,1,1,0,0,1,75000
41.78696716043589,44.749674797058105,244902,67,0,0,0,0,10,10,3,2,0,1,55000
41.726414,44.7216615,244857,46,0,0,0,0,7,5,3,2,3,1,53000
41.71041659999999,44.7643087,244755,143,0,0,0,0,12,6,3,2,0,2,119000
41.7061126,44.7710804,244565,90,0,0,0,0,9,4,3,2,0,1,130000
41.71435049999999,44.7433475,244564,126,0,0,0,0,10,5,3,2,0,2,125000
41.703706,44.77245610000001,244563,120,0,0,0,0,9,7,3,2,0,2,108000
41.7131432,44.7143903,244562,100,0,0,0,0,10,3,3,2,0,1,97000
41.7157847,44.7766288,244548,63,0,0,0,0,2,1,2,1,0,1,38000
41.7236099,44.71002109999995,244491,150,0,0,0,0,11,11,4,3,3,2,105000
41.7213359,44.700920999999994,244468,70,0,0,0,0,5,2,3,2,2,1,52650
41.78679899999999,44.7668664,244425,75,0,0,0,0,9,4,3,2,3,1,58000
41.80278991724017,44.83342949483744,244408,76,0,0,0,0,9,2,3,2,2,1,55000
41.71921567933359,44.74190711975098,244360,91,0,0,0,0,12,3,3,2,0,1,81900
41.7258401,44.7489211,244331,78,0,0,0,0,17,16,3,2,0,1,78000
41.7179807,44.7811526,244325,47,0,0,0,0,16,12,2,1,0,1,50000
41.7922006,44.7553182,244289,75,0,0,0,0,13,7,3,2,0,1,67000
41.7468964,44.7812637,244277,103,0,0,0,0,13,11,3,2,3,1,90000
41.71720759999999,44.7825989,244262,62,0,0,0,0,23,9,2,1,0,1,145000
41.7207921,44.7086281,244256,75,0,0,0,0,15,10,3,2,0,1,76000
41.723634,44.7631864,244254,85,0,0,0,0,6,2,3,2,0,2,75000
41.7207921,44.7086281,244124,54,0,0,0,0,20,5,2,1,0,1,68000
41.720239061480996,44.705924433313,244116,56,0,0,0,0,12,9,2,1,0,1,65000
41.7081761,44.7980856,244005,130,0,0,0,0,5,1,5,3,0,1,90000
41.7266334,44.7738989,243931,100,0,0,0,0,2,0,3,2,0,1,30000
41.788038,44.7490029,243916,74,3,0,0,0,16,13,3,2,0,1,61000
41.6714224,44.8380922,243742,68,0,0,0,0,19,1,3,2,3,1,58996
41.6714224,44.8380922,243741,69,0,0,0,0,19,1,3,2,3,1,59770
41.67181419999999,44.8565354,243710,70,0,0,0,0,26,9,3,1,2,1,48000
41.6922296,44.7996778,243686,127,0,0,0,0,4,4,4,3,0,1,147000
41.7627231,44.7896365,243620,120,0,0,0,0,8,8,3,2,2,1,65000
41.70978210000001,44.7695336,243560,94,0,0,0,0,9,1,5,0,0,1,110000
41.786692,44.7550159,243532,65,0,0,0,0,15,10,2,1,2,1,47000
41.7301953,44.75877879999999,243357,150,0,0,0,0,6,4,3,2,0,2,145000
41.78948471846559,44.83024679206543,243342,102,0,0,0,0,12,10,4,3,3,1,60100
41.7897257,44.82998930000001,243341,77,0,0,0,0,12,9,3,2,3,1,44660
41.7897257,44.83119412925584,243340,50,0,0,0,0,12,3,2,1,3,1,26000
41.71360929999999,44.7954282,243285,67,0,0,0,0,3,3,2,1,3,1,67000
41.7233307,44.7695406,243271,62,0,0,0,0,6,5,3,2,0,1,85000
41.7280253,44.7336432,243143,84,0,0,0,0,5,2,3,2,0,1,85008
41.7179807,44.7811526,243085,46,0,1,0,0,14,12,2,1,0,1,52000
41.75864199999999,44.77133874550949,243060,50,0,0,0,0,17,17,1,0,0,1,25300
41.7212295,44.7627305,243032,88,1,0,0,0,8,7,3,2,0,1,85000
41.7252445,44.7562645,242916,115,0,0,0,0,6,2,3,2,0,1,94000
41.6730781,44.8155069,242861,37,0,0,0,0,10,5,2,1,0,1,55000
41.70248473120568,44.87595845779551,242832,70,0,0,0,0,9,6,3,2,0,1,38000
41.7189921,44.7718831,242729,88,0,0,0,0,13,6,3,2,0,1,82000
41.7291332,44.768262,242656,76,0,0,0,0,5,5,2,1,2,1,65000
41.7289969,44.7272998,242569,140,0,0,0,0,16,16,6,4,0,2,73000
41.7296456,44.7897471,242562,122,0,0,0,0,1,1,8,0,0,0,80000
41.827682652996714,44.77281008129388,242378,130,0,0,0,0,1,0,5,3,3,1,40000
41.79842499999999,44.82406109999999,242361,120,0,0,0,0,9,9,4,3,0,1,80000
41.7197941,44.7394075,242359,53,0,0,0,0,10,1,3,2,0,1,53000
41.775374,44.7202053,242261,80,0,0,0,0,1,0,4,3,0,2,45000
41.70862,44.7672594,242244,125,0,0,0,0,16,5,3,2,0,1,143000
41.7131432,44.7143903,242243,109,0,0,0,0,5,3,3,2,0,1,135000
41.7131432,44.7143903,242240,115,0,0,0,0,9,3,3,2,0,1,126000
41.718446,44.7455597,242239,130,0,0,0,0,6,6,4,3,0,1,121000
41.7025581,44.7715719,242237,145,0,0,0,0,14,1,3,2,0,1,95000
41.7131432,44.7143903,242233,81,0,0,0,0,13,13,2,1,0,1,97000
41.7131432,44.7143903,242232,93,0,0,0,0,9,7,3,2,0,1,93000
41.713806,44.7576208,242225,80,0,0,0,0,10,1,3,2,0,1,69000
41.7109105,44.758644,242222,35,0,0,0,0,12,12,2,1,0,1,48000
41.7085534,44.7621565,242054,82,0,0,0,0,6,6,2,1,3,1,110000
41.7113256,44.7960092,242031,50,1,0,0,0,2,1,1,0,0,1,80000
41.7113256,44.7960092,241850,55,0,0,0,0,2,1,1,0,0,1,75000
41.7266334,44.7738989,241825,60,0,0,0,0,22,18,2,1,0,1,67000
41.7732019,44.8283181,241817,95,0,0,0,0,1,0,4,3,3,1,90000
41.7338098,44.7965319,241720,45,0,0,0,0,10,9,2,1,0,1,34000
41.7113256,44.7960092,241630,50,1,0,0,0,2,1,1,0,0,1,75000
41.690375,44.878553,241481,84,0,0,0,0,12,5,3,2,3,1,131000
41.6836864,44.8422157,241216,93,0,0,0,0,9,1,4,3,0,1,80000
41.7103851,44.7712237,241083,36,0,0,0,0,12,1,2,1,3,1,48000
41.7857877,44.7615061,240916,74,0,0,0,0,9,5,3,2,0,1,65000
41.73059800000001,44.77309100000001,240894,80,0,0,0,0,8,3,2,1,2,1,55500
41.7252445,44.7562645,240867,96,3,0,0,0,5,5,4,3,3,2,70000
41.7152406,44.8811282,240796,74,0,0,0,0,9,5,3,2,0,1,55000
41.700696,44.766513,240789,55,3,0,0,0,9,6,2,1,3,1,75000
41.7207921,44.7086281,240748,89,0,0,0,0,9,4,3,2,0,1,86000
41.7323948,44.7198808,240710,75,0,0,0,0,9,3,3,2,0,1,51000
41.7160059,44.7855256,240700,98,0,0,0,0,14,5,3,2,3,2,93000
41.67823689999999,44.87352449999999,240661,66,0,0,0,0,4,1,2,1,3,1,34000
41.7272668,44.8017136,240560,46,0,0,0,0,2,1,3,1,2,1,38000
41.7522658,44.7799695,240558,42,0,0,0,0,1,1,2,1,3,1,31000
41.69101089999999,44.8866466,240388,40,0,0,0,0,9,2,2,1,0,1,30000
41.7131432,44.7143903,240276,100,0,0,0,0,11,4,3,2,0,1,135000
41.7082712,44.7702365,240272,100,0,0,0,0,4,1,3,2,0,1,105000
41.7131432,44.7143903,240270,54,0,0,0,0,19,18,2,1,0,1,64000
41.7022121,44.7865954,240265,58,0,0,0,0,3,1,3,2,0,1,67000
41.7311547,44.74832119999999,240255,83,2,0,0,0,6,4,3,2,3,1,71000
41.7261087,44.76675789999999,240217,42,0,0,0,0,5,3,1,1,3,1,42000
41.74275919999999,44.78001709999999,240152,90,0,0,0,0,12,12,4,2,3,1,96000
41.68856961786495,44.85326586716132,240114,120,0,0,0,0,2,0,6,3,0,1,78000
41.72241068316823,44.7699262737999,240074,80,0,0,0,0,8,5,3,2,0,1,52000
41.6725352,44.8648757,240068,69,0,0,0,0,11,10,3,2,3,1,46565
41.6725352,44.8648757,240067,53,0,0,0,0,11,11,2,1,3,1,35510
41.672593892850756,44.871684624686736,240066,73,0,0,0,0,11,11,3,2,3,1,47645
41.747402,44.77128510000001,239967,82,0,0,0,0,12,11,3,2,0,1,80000
41.712267,44.7941066,239844,100,0,0,0,0,4,0,3,0,2,2,61000
41.7852851,44.8225249,239824,80,0,0,0,0,16,16,3,2,0,1,45000
41.7344573,44.7227317,239041,55,0,0,0,0,10,2,2,1,3,1,46500
41.70271870000001,44.7703847,239010,150,0,0,0,0,2,0,5,3,2,2,85000
41.7243643,44.7657172,239008,73,0,0,0,0,5,3,3,2,3,2,58000
41.7191106,44.8025947,238810,48,0,0,0,0,6,2,1,0,3,1,38000
41.75956619999999,44.7686636,238563,40,0,0,0,0,12,5,1,1,0,1,27000
41.7858118,44.7567218,238537,47,0,0,0,0,9,7,2,1,0,1,35000
41.717697,44.7738103,238520,62,0,0,0,0,16,1,3,2,0,2,39000
41.7424872,44.7735626,238421,63,0,0,0,0,9,6,3,2,3,1,70000
41.7006385,44.79297200000001,238338,150,3,0,0,0,3,1,5,4,3,1,130000
41.79186769999999,44.8216639,238233,50,0,0,0,0,12,8,2,1,3,1,34000
41.79186769999999,44.8216639,238230,52,0,0,0,0,12,8,2,1,3,1,35400
41.79186769999999,44.8216639,238229,53,0,0,0,0,12,8,3,2,3,1,36650
41.79186769999999,44.8216639,238226,62,0,0,0,0,12,5,3,2,3,1,42725
41.79186769999999,44.8216639,238225,63,0,0,0,0,12,4,3,2,3,1,43340
41.79186769999999,44.8216639,238224,66,0,0,0,0,12,3,3,2,3,1,45000
41.7018186,44.8076923,238201,65,0,0,0,0,8,2,2,1,2,1,63000
41.7198573,44.70770359999999,238071,59,0,0,0,0,12,3,2,1,0,1,65000
41.7072484,44.7617058,238067,60,0,0,0,0,2,1,2,1,3,1,12500
41.7464987,44.7995022,237867,150,0,0,0,0,2,0,4,3,0,1,82000
41.72445279999999,44.7448629,237815,75,0,0,0,0,13,9,3,2,0,1,133000
41.7090692,44.7406801,237802,52,0,0,0,0,5,1,2,0,3,1,90000
41.7131432,44.7143903,237797,134,0,0,0,0,8,7,4,3,0,1,105000
41.7028391,44.7834203,237794,167,0,0,0,0,1,1,3,2,0,1,140000
41.7613364,44.7728248,237733,55,0,0,0,0,6,6,2,1,0,1,38000
41.788695,44.7553276,237616,60,0,0,0,0,12,1,1,0,0,1,46000
41.6902565,44.8663432,237599,72,0,0,0,0,2,2,1,0,0,1,55000
41.709862,44.7729612,237561,135,3,0,0,0,12,4,4,3,0,2,140000
41.72630780000001,44.7859188,237525,100,0,0,0,0,4,3,5,4,0,1,62000
41.71720759999999,44.7825989,237481,97,2,0,0,0,14,5,3,2,3,1,93000
41.7156583,44.7720267,237469,152,0,0,0,0,16,4,4,3,0,2,125000
41.7541398,44.7615328,237352,53,0,0,0,0,9,7,2,1,3,1,48000
41.7108841,44.7665855,237308,108,0,0,0,0,16,9,4,3,3,0,106600
41.68636798496271,45.00256439265904,237163,120,0,0,0,0,5,1,2,1,0,1,25000
41.7627231,44.7896365,237130,110,0,0,0,0,8,7,4,3,2,2,67000
41.7324202,44.7365371,236857,114,0,0,0,0,19,16,3,2,3,2,140000
41.6698482,44.8863535,236636,35,0,0,0,0,1,1,1,0,3,0,30000
41.6903856,44.8668992,236120,88,0,0,0,0,9,6,3,2,3,1,75000
41.7056302,44.7784897,235886,110,0,0,0,0,12,2,3,2,0,1,125000
41.7051577,44.7895322,235880,101,0,0,0,0,3,1,4,0,0,0,130000
41.71720759999999,44.7825989,235769,105,0,0,0,0,18,3,3,2,0,1,125000
41.7237252,44.7297078,235724,115,1,0,0,0,8,7,2,1,0,1,69000
41.7329582,44.7398924,235708,127,0,0,0,0,20,6,3,2,0,1,109000
41.7157726,44.7729739,235694,129,0,0,0,0,16,9,3,2,0,1,95000
41.717848,44.777164,235676,64,0,0,0,0,8,8,2,1,0,1,60000
41.7109105,44.758644,235645,100,0,0,0,0,10,5,2,1,0,1,139000
41.7868214,44.7575408,235627,51,0,0,0,0,10,8,3,2,0,1,46000
41.7323948,44.7198808,235329,75,0,0,0,0,9,3,3,2,2,1,50500
41.72630789999999,44.7228485,235277,138,0,0,0,0,16,13,3,0,3,1,75000
41.7990906,44.8168494,235150,63,0,0,0,0,9,5,3,2,2,1,50000
41.7233563,44.772588,235141,115,0,0,0,0,8,7,4,3,0,2,110000
41.7225982,44.7620036,235140,145,0,0,0,0,9,4,5,3,0,2,100000
41.726893,44.77363769999999,235139,114,0,0,0,0,18,8,4,3,0,1,85000
41.7157847,44.7766288,235138,100,0,0,0,0,11,7,3,2,0,1,85000
41.7302213,44.7730939,235095,58,0,0,0,0,10,5,2,1,0,1,59000
41.79266459999999,44.7646415,235074,60,0,0,0,0,9,6,2,1,0,1,62000
41.6835825,44.8228496,234787,94,0,0,0,0,15,13,3,2,0,2,110000
41.7131432,44.7143903,234729,110,0,0,0,0,9,9,4,2,0,1,110000
41.7025581,44.7715719,234706,60,0,0,0,0,15,4,2,1,0,1,92000
41.7164378,44.7756547,234695,155,0,0,0,0,16,9,5,3,0,2,125000
41.7180048,44.7723552,234692,118,0,0,0,0,5,5,3,2,0,1,120000
41.7131432,44.7143903,234601,120,0,0,0,0,7,5,3,2,0,2,126000
41.7274332,44.737804,234544,59,0,0,0,0,9,8,2,1,0,1,65000
41.690375,44.878553,234421,123,0,0,0,0,9,3,4,3,0,1,124000
41.726893,44.77363769999999,234419,100,0,0,0,0,24,7,3,2,0,1,115000
41.726893,44.77363769999999,234410,110,0,0,0,0,11,7,3,2,0,1,110000
41.717848,44.777164,234405,120,0,0,0,0,16,3,4,3,0,2,102000
41.7267829,44.77139529999999,234394,101,0,0,0,0,8,3,3,2,0,2,85000
41.7189634,44.7783731,234390,65,0,0,0,0,18,12,2,1,0,1,79000
41.7329582,44.7398924,234372,61,0,0,0,0,19,9,2,1,0,1,70000
41.7258401,44.7489211,234371,99,0,0,0,0,6,5,3,2,0,1,68000
41.7031601,44.8852122,234362,54,0,0,0,0,8,1,3,0,3,2,78590
41.72630789999999,44.7228485,234352,75,0,0,0,0,17,15,3,2,0,1,55000
41.7274332,44.737804,234349,45,0,0,0,0,16,13,2,1,0,1,38000
41.723634,44.7631864,234338,118,0,0,0,0,10,10,5,2,0,2,112000
41.7317242,44.741659,234336,70,0,0,0,0,9,9,3,2,0,1,85000
41.7233563,44.772588,234328,80,0,0,0,0,9,3,3,2,0,1,74000
41.6868412,44.8883662,234326,41,0,0,0,0,9,6,2,1,0,1,27000
41.7292232,44.7886859,234322,48,0,0,0,0,15,5,2,1,0,1,42000
41.7158832,44.7973484,234289,35,0,0,0,0,1,1,1,1,0,1,30000
41.7274332,44.737804,234246,118,0,0,0,0,9,2,5,3,0,2,70000
41.7105898,44.7662916,234203,80,0,0,0,0,16,1,2,0,4,2,96000
41.7202705,44.7179852,234202,76,0,0,0,0,6,6,3,2,0,1,55000
41.6785114,44.8394188,234182,60,0,0,0,0,8,1,3,2,0,1,45000
41.7031488,44.8771096,234156,108,0,0,0,0,16,12,3,2,0,2,55000
41.7031601,44.8852122,234153,70,0,0,0,0,15,15,2,1,0,1,110000
41.7934965,44.7628069,234130,87,0,0,0,0,16,1,4,3,0,1,70000
41.7223543,44.77386689999999,234063,120,0,0,0,0,8,8,5,4,0,2,98000
41.7236621,44.7784656,234040,80,0,0,0,0,9,5,3,2,0,1,95000
41.72656204176356,44.79945625095302,234037,40,0,0,0,0,13,13,2,1,0,1,40000
41.7258932,44.7646479,234034,61,0,0,0,0,5,0,2,0,0,1,60000
41.7236621,44.7784656,234033,123,0,0,0,0,17,7,4,3,0,2,94000
41.7233563,44.772588,234001,70,0,0,0,0,8,2,3,2,0,1,78000
41.7274332,44.737804,234000,90,0,0,0,0,16,13,4,3,0,1,75000
41.7207921,44.7086281,233999,88,0,0,0,0,5,2,3,2,0,1,71000
41.726893,44.77363769999999,233961,99,0,0,0,0,24,16,3,2,0,1,108000
41.7233563,44.772588,233960,100,0,0,0,0,5,2,3,2,0,1,105000
41.7197941,44.7394075,233948,100,0,0,0,0,6,6,4,3,0,2,89000
41.7243643,44.7657172,233939,86,0,0,0,0,7,7,3,2,0,1,109000
41.726893,44.77363769999999,233925,100,0,0,0,0,11,5,3,2,0,2,114000
41.7610184,44.7796721,233924,105,0,0,0,0,8,7,3,2,0,1,58000
41.7242266,44.7326106,233914,101,0,0,0,0,18,17,3,2,0,1,123000
41.717848,44.777164,233891,125,0,0,0,0,16,8,3,2,0,2,125000
41.7222076,44.7913483,233870,62,0,0,0,0,16,12,3,2,0,1,55000
41.72630780000001,44.7859188,233867,100,0,0,0,0,4,3,5,4,0,1,52500
41.800876,44.8036324,233814,50,0,0,0,0,9,3,2,1,0,1,27000
41.7207921,44.7086281,233789,89,0,0,0,0,9,4,3,2,0,2,85000
41.7207921,44.7086281,233787,68,0,0,0,0,13,7,3,2,0,1,80000
41.7258401,44.7489211,233782,70,0,0,0,0,17,12,3,2,0,1,77000
41.7317242,44.741659,233776,57,0,0,0,0,9,4,2,1,0,1,65000
41.7018677,44.8768866,233748,49,0,0,0,0,14,9,2,1,0,1,35000
41.72024469999999,44.7649224,233746,140,0,0,0,0,9,5,5,4,0,2,130000
41.7274332,44.737804,233737,124,0,0,0,0,11,2,3,2,0,1,119000
41.7336484,44.7669816,233734,112,0,0,0,0,8,7,3,2,0,1,115000
41.734544,44.7697115,233727,127,0,0,0,0,9,4,3,2,0,1,93000
41.690375,44.878553,233724,105,0,0,0,0,9,7,3,2,0,1,81000
41.7301953,44.75877879999999,233717,95,0,0,0,0,4,3,3,2,0,1,80000
41.7344573,44.7227317,233659,64,0,0,0,0,10,10,2,1,0,1,57000
41.7002375,44.7973296,233641,44,0,0,0,0,2,2,3,2,0,1,41000
41.7252445,44.7562645,233624,100,0,0,0,0,15,4,3,2,0,1,110000
41.7508659,44.7776016,233530,54,0,0,0,0,8,7,2,1,0,1,54000
41.7354662,44.7698799,233410,167,0,0,0,0,9,6,5,3,0,2,145000
41.7276062,44.7615515,233405,150,0,0,0,0,6,5,7,3,0,2,135000
41.7236,44.7436801,233403,89,0,0,0,0,14,7,3,2,0,1,120000
41.7189634,44.7783731,233387,120,0,0,0,0,23,16,3,2,0,1,108000
41.7279173,44.73809869999999,233385,125,0,0,0,0,16,16,4,3,0,1,103000
41.7252445,44.7562645,233377,76,0,0,0,0,11,5,2,1,0,1,89000
41.7289969,44.7272998,233375,130,0,0,0,0,9,4,3,2,0,1,85000
41.717848,44.777164,233367,83,0,0,0,0,10,6,2,1,0,1,78000
41.7344573,44.7227317,233360,98,0,0,0,0,9,1,3,2,0,1,63000
41.7283363,44.7335547,233358,87,0,0,0,0,16,12,3,2,0,1,59500
41.7274332,44.737804,233354,90,0,0,0,0,10,10,3,2,0,1,55000
41.75864199999999,44.7701345,233302,64,0,0,0,0,8,2,2,1,0,1,44500
41.7613364,44.7728248,233297,45,0,0,0,0,5,3,1,1,0,1,31000
41.7092955,44.784342,233159,40,0,0,0,0,8,7,2,1,0,1,65000
41.6466217,44.9096686,233155,75,0,0,0,0,9,7,3,2,0,1,35000
41.7109105,44.758644,233145,62,0,0,0,0,23,8,2,1,0,1,120000
41.6659714,44.8931257,233100,60,0,0,0,0,1,1,1,0,0,1,23000
41.72698010000001,44.8091984,232968,66,0,0,0,0,2,0,2,1,0,1,17000
41.7728271,44.8273459,232965,36,0,0,0,0,2,0,1,1,0,1,25000
41.7153841,44.75626159999999,232961,61,0,0,0,0,13,12,2,1,0,1,75000
41.6963661,44.8992598,232941,70,0,0,0,0,1,0,2,1,0,1,32000
41.7661541,44.8008643,232926,100,0,0,0,0,2,0,6,4,0,1,50000
41.7306263,44.7631878,232913,100,0,0,0,0,9,1,3,2,0,2,90000
41.7203048,44.7174668,232902,105,0,0,0,0,13,8,5,3,0,1,85000
41.7274332,44.737804,232889,83,0,0,0,0,4,2,3,2,0,1,85000
41.726893,44.77363769999999,232873,95,0,0,0,0,16,14,4,3,0,2,99000
41.7354662,44.7698799,232834,120,0,0,0,0,10,5,3,2,0,2,125000
41.7289969,44.7272998,232770,86,0,0,0,0,10,7,3,2,0,1,76500
41.7222578,44.7270919,232690,80,0,0,0,0,6,6,3,2,0,1,63000
41.7258401,44.7489211,232686,53,0,0,0,0,8,7,2,1,0,1,60000
41.712119,44.7242256,232649,65,0,0,0,0,19,11,2,1,0,1,59933
41.718599,44.7698785,232583,70,0,0,0,0,9,5,3,2,0,1,80000
41.7025581,44.7715719,232510,105,0,0,0,0,7,5,4,3,0,1,128000
41.7025581,44.7715719,232473,137,0,0,0,0,14,1,4,3,0,2,112000
41.7131432,44.7143903,232464,55,0,0,0,0,12,11,2,1,0,1,73000
41.6904266,44.86669699999999,232442,90,0,0,0,0,9,8,5,4,2,1,58000
41.8210918,44.7879644,232345,163,0,0,0,0,2,0,5,3,0,1,62000
41.7224173,44.7395964,232323,130,0,0,0,0,7,2,3,2,0,2,145000
41.6657724,44.911643006905756,232309,100,0,0,0,0,1,0,4,2,0,1,30000
41.7309268,44.74474619999999,232307,145,0,0,0,0,9,6,3,2,0,1,132000
41.7233307,44.7695406,232301,135,0,0,0,0,8,7,4,3,0,2,125000
41.7274332,44.737804,232287,142,0,0,0,0,11,4,6,4,0,2,110000
41.63383899999999,44.9179634,232252,172,0,0,0,0,2,0,5,3,0,1,75000
41.804792,44.80002100000001,232245,120,0,0,0,0,2,0,5,2,0,1,50000
41.7207921,44.7086281,232241,85,0,0,0,0,18,9,3,2,0,1,90000
41.8195116,44.789806,232240,130,0,0,0,0,1,0,5,3,0,1,65000
41.7243643,44.7657172,232234,122,0,0,0,0,16,3,3,2,0,1,110000
41.7252445,44.7562645,232233,113,0,0,0,0,11,10,3,2,0,1,110000
41.72563479999999,44.7338266,232231,120,0,0,0,0,6,5,4,3,0,1,93000
41.7223543,44.77386689999999,232230,110,0,0,0,0,8,7,3,2,0,1,90000
41.726893,44.77363769999999,232229,106,0,0,0,0,20,3,3,2,0,1,90000
41.7283363,44.7335547,232227,86,0,0,0,0,9,9,3,2,0,1,87000
41.7207921,44.7086281,232208,60,0,0,0,0,20,6,2,1,0,1,49900
41.7081487064295,44.84985441547847,232194,75,0,0,0,0,9,1,3,2,3,1,46000
41.6776799,44.835358,232175,169,1,0,1,0,15,12,4,3,0,2,143650
41.7202868,44.7406138,232148,130,0,0,0,0,12,9,4,3,0,1,130000
41.7236,44.7436801,232146,90,0,0,0,0,12,8,3,2,0,1,125000
41.7301953,44.75877879999999,232140,106,0,0,0,0,8,2,3,2,0,1,120000
41.6776799,44.835358,232137,61,1,0,0,0,15,3,3,2,0,1,45750
41.7233277,44.7415423,232135,97,0,0,0,0,8,6,4,3,0,1,118000
41.7203048,44.7174668,232133,90,0,0,0,0,9,7,3,2,0,1,115000
41.7150893,44.7700515,232129,107,0,0,0,0,14,8,2,1,0,2,105000
41.7197925,44.7393963,232127,100,0,0,0,0,6,2,3,2,0,1,100000
41.7267829,44.77139529999999,232126,109,0,0,0,0,8,5,4,3,0,1,97000
41.7233307,44.7695406,232125,140,0,0,0,0,7,5,3,2,0,1,95000
41.7170895,44.7693206,232121,120,0,0,0,0,4,4,5,4,0,2,89000
41.7236,44.7436801,232117,65,0,0,0,0,21,12,3,2,0,1,80000
41.7131432,44.7143903,253503,118,0,0,0,0,16,11,3,2,0,1,85000
41.7821899,44.73688809999999,253478,170,0,0,0,0,2,0,6,4,0,2,135000
41.791023,44.7304633,253475,172,0,0,0,0,2,0,6,3,0,2,75000
41.68234749999999,44.8232893,253454,52,1,0,0,0,12,8,2,1,0,1,60000
41.71476,44.7578233,253085,110,0,0,0,0,9,7,4,3,0,1,135000
41.69007810000001,44.6115119,252507,180,0,0,0,0,2,0,5,3,0,1,128000
41.7203048,44.7174668,252233,100,0,0,0,0,15,10,4,3,0,1,115000
41.7203048,44.7174668,252230,92,0,0,0,0,14,5,3,2,0,1,100000
41.7306263,44.7631878,252227,55,0,0,0,0,9,4,2,1,0,1,80000
41.7131432,44.7143903,252096,67,0,0,0,0,12,8,2,1,0,1,78000
41.7303459,44.75371579999999,251543,97,0,0,0,0,5,4,3,2,0,1,115000
41.7212878,44.7298345,251502,80,0,0,0,0,16,10,3,2,0,1,90000
41.7208733,44.7406653,251501,73,0,0,0,0,9,3,3,2,0,1,87000
41.7804769,44.7448495,251133,145,0,0,0,0,2,0,6,4,0,2,125000
41.78436140000001,44.7387345,251129,116,0,0,0,0,1,0,4,2,0,1,114000